--
-- PostgreSQL database dump
--

\restrict MoWCGHKQXjOIMxWfjwzVaO438WMKL4fSWF8PpmMYlK43mD9kRlqfDoGAjA2NHOP

-- Dumped from database version 17.6
-- Dumped by pg_dump version 17.6

SET statement_timeout = 0;
SET lock_timeout = 0;
SET idle_in_transaction_session_timeout = 0;
SET transaction_timeout = 0;
SET client_encoding = 'UTF8';
SET standard_conforming_strings = on;
SELECT pg_catalog.set_config('search_path', '', false);
SET check_function_bodies = false;
SET xmloption = content;
SET client_min_messages = warning;
SET row_security = off;

--
-- Data for Name: inmates; Type: TABLE DATA; Schema: public; Owner: -
--

INSERT INTO public.inmates (id, first_name, last_name, doc_type, national_id, birth_date, pavilion, cell, status, notes, created_at, updated_at) VALUES ('c80d4481-8c90-463c-868c-bbc06674ab72', 'Juan', 'Pérez', 'CEDULA', '0950010010', '1988-03-10', 'A', '15', 'ACTIVE', 'Sin novedades.', '2025-11-05 08:57:06.873221-05', '2025-11-05 08:57:06.873221-05');
INSERT INTO public.inmates (id, first_name, last_name, doc_type, national_id, birth_date, pavilion, cell, status, notes, created_at, updated_at) VALUES ('ea6c0de8-72cb-4b85-a352-536106a6758e', 'María', 'Gómez', 'CEDULA', '0950010020', '1992-07-21', 'B', '22', 'ACTIVE', 'Sin novedades.', '2025-11-05 08:57:06.873221-05', '2025-11-05 08:57:06.873221-05');
INSERT INTO public.inmates (id, first_name, last_name, doc_type, national_id, birth_date, pavilion, cell, status, notes, created_at, updated_at) VALUES ('2dc06f10-e1fd-4d08-8ffa-7054ab51a3e8', 'Carlos', 'Serrano', 'CEDULA', '0950010030', '1985-11-02', 'A', '07', 'BLOCKED', 'Sanción temporal.', '2025-11-05 08:57:06.873221-05', '2025-11-05 08:57:06.873221-05');
INSERT INTO public.inmates (id, first_name, last_name, doc_type, national_id, birth_date, pavilion, cell, status, notes, created_at, updated_at) VALUES ('48f631b8-f882-4904-9c28-f9a1d48c0857', 'Lucía', 'Vega', 'CEDULA', '0950010040', '1990-01-15', 'C', '03', 'ACTIVE', NULL, '2025-11-05 08:57:06.873221-05', '2025-11-05 08:57:06.873221-05');
INSERT INTO public.inmates (id, first_name, last_name, doc_type, national_id, birth_date, pavilion, cell, status, notes, created_at, updated_at) VALUES ('b8a7c0cd-ba19-4417-87b6-84a77f6333f7', 'Pedro', 'Mendoza', 'CEDULA', '0950010050', '1979-09-09', NULL, NULL, 'ACTIVE', NULL, '2025-11-05 08:57:06.873221-05', '2025-11-05 08:57:06.873221-05');
INSERT INTO public.inmates (id, first_name, last_name, doc_type, national_id, birth_date, pavilion, cell, status, notes, created_at, updated_at) VALUES ('d6684de6-4e08-4f44-8539-b4e97b377ad7', 'Ana', 'Cedeño', 'CEDULA', '0950010060', '1995-12-30', 'B', '18', 'ACTIVE', NULL, '2025-11-05 08:57:06.873221-05', '2025-11-05 08:57:06.873221-05');


--
-- Data for Name: users; Type: TABLE DATA; Schema: public; Owner: -
--

INSERT INTO public.users (id, name, email, password_hash, role, created_at, last_name, national_id, birth_date, reset_token_hash, reset_expires, phone, address, notify_email, updated_at, avatar_url) VALUES ('bc94423c-e39e-425e-9b20-9337926cea84', 'Administrador', 'admin@visicontrol.dev', '$2b$10$MSqt1pmN7e04QRVX2Gn7DOC8INgMBSBjdQ2oXouMBTDrwUewfENh6', 'ADMIN', '2025-10-13 11:25:13.159502', 'Admin', '9999999930', '1999-01-01', NULL, NULL, '9999999999', 'xxxxxxxxxx', true, '2025-10-28 14:34:35.732752', 'data:image/webp;base64,UklGRmgtAABXRUJQVlA4IFwtAADQzQCdASpYAlgCPikUiUMhoSEQqXxQGAKEtLdwu7CNim7IKcvtv8R6L3HvUP6O+r/3X1J/p51J9A+V75J+p/9X++f4f3qf4n9Pvcb+ov+b/efgA/Tn9jP8/2E/3c9QP9e/2X7te8F/jv2u9y/9q/1XsB/z7/r///sHfQX/db05fZh/q/+99LL//9nF0l/Tr+w+jHvO+rf3L9Zf6n/0+4v8M+sP9f/6f+S+SHMX2AalPxT64/bf7l+y396/9f+t/CXZD8iP5n8hPy7+wL8K/jX9y/I7+8fszx82r+YF7YfS/8P/jf25/t3xn9jPyZ9w/sz/j/t4+wD+X/0r/Kf1z9rf3//8n3x3tH3D/p+wB/Lf6d/ov8H+2n+E///2y/yX+q/wv+j/+H+b9rP5r/hv9t/fv8z+yn2D/x/+gf5n+7/4z/v/5n////j7lPXX+1Psb/q3/z/z/CvenxQc2HaaptVPig5sO01TaqfFBzYdpqm1U+KDmw7TVNqp8UHNh2mqbVT4oObDtNU2qnxQc2HaaptVPig5sO01TaqfFBzYdpqm1U+KDmw7TVNqp8UHNh2mqbVT4R1y27SN264e/385ScDsgqm1U+KDmw7TVNqp8JH/a4CA9UwQt7ci1//TeWcUbNea2pQe9lUTYRsO01TaqfFBzYdpqm1ShZQtZkb/kg49x19LQSc2piefx5hK/mMBAymqnxQc2HaaptVPhK2EcZnIMBNxCID2hTTNA8olOZTVT4oObDtNU2qnxM2RF3wJ1CUiAkeUxBpjl6kEZspqp8UHNh2mqbVT4oFG0m2wru9SWucXKWWJkKFvpFTfrUXFQc2HaaptVPig5sO01rGdvMr4PqwsL4gFotHxCx3ZGExPg7KgNlJmDQCaYGw7TVNqp8UHNh2mqbTlcG902Q39o0JwRKf7bteYOK24f/17Y+mqbVT4oObDtNU2qnwjt9sUlxHirodGlGGsekzbBCRs32TA12otdanxQc2HaaptVPig5sHNF0dv2yHl7wlYXO0UlK95cYx+Kewec2aXYREu7wtwBTdrXr68xnBQ/vot6fFBzYdpqm1U+JmmWHJlU+KjYnFAyl8CA9lpro/3PaupJ7AymqnxQc2HaaptN4ZXBGqTBuEtnZBUyn79ThenjyNSOZQ9Hz/v7JJQc2HaaptVPig5q4CwmKJvMpeUXt/Fx4ypT83jwoikCuthStSMtgnGPQO34yTZeYh/oWLc+Y+OK6UsQc2HaaptVPig5c1U38w8pLEO5+/k7tpvvhHQUisnvy29bTRXZUQ42oVIDmI98hpCZIuyVWoqEO3NQuG9jenxQc2HaaptUrBXq+m1HdrxWdW5wr3AS7KbjTAlhmERtS4C4p9pCIxiwsAibYGtSCh8WfZqiszh7zKaqfFBzYdpqZA9MSOmA/UShZXgVtUacXX60Fuzx3kAhTfBQ9Y0qxsW/gWqcAoVdCyNI9fVT4oObDtNU5yrguZSte4zwXHgsJ9Hh7+ggeZvBxW4z6PkZmgtz6YwR9RvnmZPVWGNgbn7dUouWjfbmU1U+KDmw7TVNqp8JEc7KLGLLcvcsy7Vbtu8DeVEmX0u/v1iBBhYndm5EwExfm/t3ERqdh5+/k113DAHaaptVPig5sO01TaahiPAs4ZAooE5kghdzLRLPhck3mzqJAq0WtNZAhFGRdL2d8SupmA7TVNqp8UHNh2mqbVT3D8YOxnZtiZviKofo9MgS8WqnxQc2HaaptVPig5sO01TaqfFBzYdpqm1U+KDmw7TVNqp8UHNh2mqbVT4oObDtNU2qnxQc2HaaptVPig5sO01TaqfFBzYdpqm1U+KDmw7TVNqp8UHNh2mqbVT4oObDtNTLLHQbClVYfDOd7FdW3HGwVXf6tguVfJ+RSf1GURcIuamBr0ll0Q6vT2X3G2g5BVNqp8UHNh2mqbVT0KwOowS/ynVXs/+TUA37KhyFW8BvhVWFtCqsEbeqGa2F0zzwfgNTxE+OMQ2IObDtNU2qnxQc2Haapd7WexRQ5kbAQeKFzGJsXjJAymqnxQc2HaaptVPiZ7/NeCWANw4OmeztSPz8mVSN7JPF4yFppPXyryMcX8IAtIXnNUkCb1IKptVPig5sO01TaqfFBzYdpqm1U+KDmw7TVNqp8UHNh2mqbVT4oObDtNU2qnxQc2HaaptVPig5sO01TaqfFBzYdpqm1U+KDmw7TUwAAD+//niAAAAAAAAAHU7UCNd0JeRiBPqeZOe0QvGOWQ/iHDDB4nIdOjxMsyrJwrpFL5hLZhaVCZoJpWEaWm2lsBtQtF8mhwRy3ZWrG5HIHQtEKY8JV5S2cfvPxmxrO0139g5oDfxTTi9PXOAT2YVf3f7RrRAGH8/YJt9EDBR8xlHqRPOL5nUOp+5EEdpttsFhVr+2OJ/CTDUn61zzTHmEVLuXoCfntcA9zr4JUviDzLcMghI9KYIsI7m32Wi+YBeXoP8b5rDHrqiQHR+F+WhgfWdFbhho+Zd9up8Gx7AObG5QyuGFHJaic/Cbuj7s1cDWxuoG3OpGrZBJbKV0x9LaWQv9V30k1NrufrXBsmAo4qeL+P6p8/k2rWDt1ItxK932Cf5D5Bj7hyNMrwfCJtjxFkKYoJRjLIuPAUjpruZgOjX0J1GKX2sKw64l/Zg83wV4PoQaBN5uBU6ezd+XGAetkXedHaSIdZILTEzG+D5ij/Tiq67FKXfon86fTGFaDf9c/9hPnrHNwcv4KyfATIvx8kwe4W5kigRKx8++C8+floS2HRxAn9AuixtBQqPK6I3VjGo0QRw+WroSLn/M0zIvde6sINEy1EBBgEZ+cohJDRlVuu/cT/MCT4WW4cdEi1VUz5TRepVJOsMDR/zQy8OFhWl/VHcTQp9pmUDfKx/1T4WyqPUES2jXuGoEr5Jut2p16wncVbb/kNnx+1jHnnq8Ner572gDL3UGeMK3HyDWbd5yFhgz4LTI6DK4xMSXVo47VQsJAxQwVZnjbO4cCUStrwclnxVkLyouopZG7vNsgFjN2o/rSbqADxOhy9VeQjYXfZG3vEZCNSKPASWnEzvs8KHO+mVoGHHdogjICSv6J43LEqhjcHbV7tKOiYOXi2MZ0heDPIoFyu/062nJj3DWi38hg/CtJkj8h2AFvsbkzPRxxgJ1ItGiqtxkGneRRjB6N1ohGKltceCzDmM2kjfvufF6lPNygOTcBpcXD0Q7WYw8yGV6IXiBIsABwfMcabk6YccWUA8aDBIewAA3wQ3umDCpPEmmNwiXca93X5K5c5orvm9gKyFytpIKvcnTFVPKHKLeYmV6gbuSukHMrRtB630A2aLFrfFePWFWHwDs6GkdceVS17wXf2qd7qFO1YKxnDzrS+gzMZnkRIkPAnXn5TFFHJvs/vGxI4nkABzRZU2zc3Nx2YKt4l+1Hk5gR9CBz17WnPvW75ENPgNSM3iAP6rXrHku07N4tc5ENwwd3la1PkCLxOVJp3OVvJhgeYHoL76gIhwf5jXQz/7gx/XqQI88YxRWniNuzlfM2S+GOtYXxp2JtCVDJexaBmHhT50wAdkeAOmHVD3UR1XGm165y/p14ilmIRwCG3zhI9TMPoCvTcp2H/5rcaFHKHDUmwgCpgYfy7uDF07J1rDUK20qYGxEfzb0tRpYKJlysIv+IJ0r/zLeeyhEtOmO0fDbEl6CdkpD8tvyApP5LcoNQwHYdl0g/f3jIspUA2b6RSdmszf32XgCqAKdhKIcXskFcC2sKS5eqJeVQORvpGY6ZhY9C9+fEz30Vjr4s5ydWnt40ibN29ooDyPbpipSlwbkuPCUqJy1iVSnjJB/pTkQFblRW8PClT0u1KjlyvZ3eaL4nOAzeRuUTKydxtxWHOsFfeLm1TiCn1DgBTHsrsgvJ0zhf8fror0XQ+gynBJm12EWODExqnxAGYRxQOkX3KFucX0kLEqSh0+SJJcabc5K4jSU+MzUGsgEzMTGSGg4mbsessQ/XndveVjIHLCB9Oit9TpAofYcGI5cmrtAVGGZa5LUugAgWoAMs4oqSV53luhwAXkKP/nVxLySCymuhy3QKTk+KTkbyYf3SPYpryjL/YY2UhSZ/tRElUwb3XnSkyossEj/pNZ8vTEzJbxr4QE3E1BuTKqkmR5BKjn0cYhDb0iUIw1tMKtkO1pK2LJy8IRoG3lo8hO99DRXAW24mwBsiWXYP/5Jlr/2X7lzo1oASRETu5Tv+LRMQqjxd0VKjXXoFcRJJAoQyUYf2Frqe9Lguc4ZjtAZBfMc8nM8NXAQnBefWuuQc3cIe6BYZCaIgTtGn+C3YqhrGXt3o5vB2RkgZxJ/lT0tVbpA6ZI0qnxqpnX0hAaGv4TN6LqNicS8705Otp5a+a2I0vV12RdN3fJMHXEYCq/AbJamow5TP6BkkqR06M6V4noa4KtPtqTMvNSwXzO8EaVqJoSGhPe/cW7Aycjt2IzoP/XhCREI/ygPGDosNwuK2ETaEPKfOTQRpmj5hOWQhD7YM6DpwsBID2xEzdBE/uue5I5WvZRp7MMk8VHt6Eih71jM3jWispbYYjr5UbQ+jxRGwGSkxQO9GLmtAe3d/cb+p9G4UEjttHZFyl41aX9xjpIeOlvRGisMYjtdw0/eMP3cwWvt95UURvxSpjghALPvtg2AblumQ+SIH9mrcDbE9EBkF19CbH3Ahup1pGnl66GQpdEj6cfKe8iirqPkX7P6qQhJdv2v+6LIcGzuS5dyr8EVbilRqUzO1ThgnCItY5rMc3aXYp0Nu/KCKtgaH4BB1Qfv/UwMdJ+pj0gJTByKxwJiSfIGyFlhUPE37SgAACFoLwTvCqR94PYwSmOEfMsr+918tYxb1/5fynglNSh+ZnEHRCpplU06WBmj5mEo9cUe6qFh8VgVQ7QJ32vdnFNLaAtu8+peXAREL0wNjnDElhTMjiCyQZm6f+PaMtozrEm73jnXCqI8CDpjXz6Fg3mtGo7pgWxeRqWsXl7d0I5qKbvDibx8KOZ1+rnbhhyVDfw9kAHrX22FNHSpbYQbbScs4XLZZ6RbTriQFLzAYnJJrLbcgq1S1U5mtFL8DSs1UMVvPXBTzQtsdCf7YvlLeAdEhq/2Co0rC07LpZbU8pyQypFPVC4eiJDMIBxWGVUv+oXIcpP+0HJ1Cl6FbIMamxCwAAAGosRXvzMjFwR96RZANfR/hM51lGtnG1+EsJrVO9wv1zh/xWrwaYNMbW4vaE1d8XPgDsS77P9RIndY856dGmgh/jpwoktyMtOUNCmhF68tbNdeUfifSz4B0LRPMqimPszcPmQ+V37KZhXldnqqQeNncBozDeam7GHOOURp2bpRBpVt4DAyOMvQE+f/h5kE9USF54/CM3Pu1tCYgTxMtxr5AFJGoDZkGhySijoDHBop9pkRr9yS+beHW1lvARlZ4aPsD8J6YzXKYgD4J4FhuQZdqYurxoXpW5JgLQEeG/h5kw9tjauwkbZVELzGFgCtgtNPMHI/fVZA3+lauzu1PS7OGSe+qJq22IPQo/blsLQlw16qJzS7yKe1gP7CdE62ZvOrEGZRr/5fqYO5tAZxEPSL59rDcteiTbHa+gSSsECN6nUpdo3IQiKhRqVXeAXf5x7NQ8Y1vF02tgHgkoTb8V//ucjkcuXu2lC/a8SGmjfnbj0lr+2N0HY3cbp2niw5bV6MDp0gC7xNxgplMXmLUdTCU8pMDWKJNeucI+IphcmC2B2pbiu557sT2H3DaG+RbHhG6VmADlh2Xso+CIkEAmKQZi29kWhqxSfxumF5Fk9pii+vKUDJ7XcRhrGAIhWItKVDtxlwRK4OuRGg4l7Z6gpm+bNX7KjHIb4EkXqcIBigBMiGHkzN5SHKNa/9RfmKWfRispqO7x3TAoUz0lTfUbOz3g4p1LOOh5onABKdrOeWz6hHiOKgBITRqbzrAaXBsF1n6vMiiG8S3L49mXH7HvPHhLA7fLrIDzow7PRBtgqWQ8NHsJVV+4NPZ93nnsSblH+mj2m3MFLDXsriISal73Ayf51AXvSZoWwLj0fzDC1euo9Fo7ZWk91sCZEIIOocOOsCB8aupJfxH9x+q9tMUgO8Ec3uWRRqrLmVYtJDcpVXficSo6L5d7gr6IaR9wrkF4Z+CXYrOpbTodf4fE2Nyu8cNFw9eIx1CrsQD09iS2CP7NkR2MwzUIqm5gRjxOhy9VeUd3xYQ8pB9kdq4OJVDBScbsKbm6z0Q4imDrYccj6UnoT01tONZmyHIya7bkYbJaa9i0fDsViWda65XC0xOTMmiGr6tBF0HIcQLc8dleGRPcJj/DAtgYpheLFX+A//tVXXMIqKh94GjRgovvV0Bb0EgTInk+5TVBohqsqvWGTt47BVbXEcCDkdhJ8zdX6QJRHAWEt3/cFRzxZ6mAGmO9LkGA3ay+XK40V5dc9glN6Uu2xWLh4Qbz933La/D4OtR1YgtnDSA9caBetrrV6YQjHJjYQRmhNkIbuNq08Oy9ClFY0Jm0KgxlHeUuOZ/vnAosBSg+zKc1XY3GAzfMeopvs3OXAP3xp2ANYBqxSQ82Hte2lj35GpgRIv8CPsewqJYha/OKdQyzVm3X6873wFI3osAzvP2dD0H6jSL+JtsoGqlOT7mPxm/bNgUWi1qbOPgQ9DD0Ygd7FdgL3mY4bXzliLRFO/C9CMN6ZERxUKUdvg2kRvOhTnqz7L/4o+Ies+xmdHtbiZCOY18m0BP8wd86S6cE/jMmxIAB/a97TA/TPflQYEZo9cwAt/PkkxKfMp3T68UBx8RjF1MoTTDTgHqOMOqIQD2zNBvbLy7b3hO+HznsKgfIbHwstNJu0CrxqBzqaSolEQwqgURW44STXzGRGGS8REAVyjG1+rh5UaUtzZKB95VDDDViEMQ5Jt+9ip137LMrLACGRMhGedIvg03khEynx3ZyJbxOg+w96pQQcgfJGLwSXinKI2qX9DyBswg7OCa+CexSPE+wah+aTEwR/LsMCwU+N74bO+4q6IIXwOMC61YXeR4Weg00bRJR/1bEY46twORW4bbetLERoV5KyWK9RBUsxCfJAUJYex2KMsAD2Ifkvn7ZPh5eHSN67XHHjAEbvRyMe+PDJmHKjIFHIr4J3q8MNc2T4c/K7vt0uc7DfrMFJgdjyYH4XdvaBDG6dfxunXPd4TQKMSeezajQ0ZSMp0wG0IinNtOeBFQpDYXY4BX9xypvGvVofaCyFhpCamZ+71+QD0QhP6KmVsE/Ta3sWkDpjY5ZDuZZ3hTJno7XZaFuZT+LT8yIvdMXIfaokfxT//akdJHn1G/1EXzQtm55JcyTK2ZpRy//9gnZAd67yfWkfENbo98Xs9YMXZx65owf04HsZITTIBcgpOpUmd2KZJuF3EVRtJe6LP/ArChapbomZUIjudQeLsyE7Ecg7Kk1spku5+5XHiElE8chWyucBC2jD76YN+ATKXIGbazPJCLl0/CQNgQ9+A9Mz4Zs8LiEz6fp5JYpSv4ymukqlzM2Ev1lID2Ke4ixSWZzaZ9NMu2e36RyMHEr+kY4Ybab2dIPBl9XaBxRLVJ07eJzyGJYtT1SHLbo0EhamYI283dE60B2WrFGWea77AEQ7iYNTghg1Lq+MF7EDUwW4cIjeNV/N/gd98G4IGhzPFkh3nGoJ1W8W1F5Joq5DeKTlX/Nw1aJFFPuhpJbPrKFfcbs3dyopDDzIwMCN4o0sRSgR/9p2PN3Vfjlw/AI2WnzsNgACDHdNMz/tv7535Fhd4WLoAYyGaEVEIw+gedITf792kbZbxpLhSI/2NAqf72RaVvzz5D5LcgwNVqMuF3yUeAmPhcbAK3YykZO/n3rbxxXTRpaSdu4u/5ve2JOv0M5iYhhU6K+4g2beQSP7KD1ycqdA4njXixIAadrFgdULRP3L7ONeAJ0AKbBmA/xQcE2LARr5ueIZ+WtDFuL7DzGw7dX8aHWsa44AKRif60mGmrVBaiCs2f8BvfD08HjExhKSkm3aaH5c2h2R4JCYlcj3mXlayW7d5KF6ufziFkaQazW+sQpnIgDEsaANx1OaPFrqFSMgwp9DPS6m6u7kjKcB9jLQb4TTAZacpQS0QQpiHbJ3VXR5Tr0U7ZDHOliCkXaNV9vERVhP4yciBANVDySpaOHkzbM6L5QEkF4+qcn91nflj/2b2RsTIlq90/7qqO+1b0oWI24P5hyim7+V0T3YZ1zYxw/o6h+AWHYONxcs3EDY/Cv58eOTndvm2nsnPfWH/gmgdWoVA9K+3WdhEXhAKTjKstKQeapVmB8h7YmLN0GtH2SIDOTjlhiH96yJBzld6BsKvESAdbjF8CoddVJ1GUmXd7WpVNH+5/7lmfAzJogRL7qjsqtGetjRqqU8nORBzig0+PL/2R2LVikzhWEsyE0jzPr8hY0GMsgJ0DvhFc2aBg96FTsKs4G8/gaURjSiAsB61+/yOK6bNmsu5k4AgCig8IgTXs5xE+Bj+6bwz3x35xhkKRS5gQqPFSJphsyqiRIYIVt9LEEuBWp377gj2YBMOb7SqRhKtP2iHs0webN/9iG21BC/SbABYwqCLJH7/bqnqQgXyERIIs+ELyshNZqHWSwzxeM/3NvnWMLXfAFJCOxEX1O34xogpydS9eCxUC7b8I3h6U9Ft1rrAh5ldNcbjgJd8ac8H9od/CwoGF/WL0JBsHyidMc76nmHBobf6FCxQY97aH6NqAY6rjqjY5JhC6Iq2Cj+j7U3np9kg7/MvJvOArj1LotPYP0JTUwbPJGaQRSSyJyJ+UzMJTecVnnFGtu6Fx2p3K2NUIZ723S8Grd4crdZ658GjwtjZ3VKhUwTNgy0u+d6DvDXw1jPKIBypNDepbjp2GaG2qp64czaW4v+x46/kvpmlNvY9ZXCzuvL9alOFQKSbJgJ1E2XL4vRGd4ERKlXXJIhzoqGJ+gXMM2S0lL7dGzhYFUrVFemM7SbFXtzb04DzAqS+UMrKWEk6u1yILiGPdZblF8fAzeONC0xcTAcEOfF/qOhiMMm+SY8Vt23g6xy2baAHyOXL3a9bPfnZ8etLp1hFEy5Eo34PoC2UBXzrUOxCFhzHA5gDxx0zOVzAE0KfrmXyFKcLpTK5p/j+U9BycKdN0dBcBjhoa4rqq5m47DyVn9WzTHIDEab6s3ubyGZwjp2+7pWfZ7KQMjotFKK9VFezcU5oUwE00cOv/s9a6335vBU8GMHUykNwsxCr+FNV9Aa5xBhRPuYRjSqIS5Z4ieetYJqu81vXAx4zmDXcZhkL7CMPaFr0fILX+T0xzcGHiMy9H3cQ++7VcrBDq40gagxriSW6Ma1HESIAH4Ul8EZP1q+h1q6V8lnGB76fT+uiWaTC8jbomxGc1DEavFGBf7XxMRTAAMnadFTV/QTs+MABQE6/ri6Hdxvyk2sHyJu0+vNXTZQgWxt/0W5KAq9zUzRHF8C9uvtcVqXBXH0GHBUv+3YdQL0sp+h2IB21ZD0aLHXooyY7bOXYO/9iMAJ2DFkXqdsKMWokWucokDfPkPW+dPW7WY8OBz7SSvlKaj7rF9dWTjWS0QzrwHImJQY+a8OaGGbpgsGSyOIWGCxP+wuXpU7wlBGXSuN0toZKhtLOYtg9XlYKKbmA5aHAoAByHUBFogHfKZxZUqlmtFem148gTeTIGFL22dTtetlW+2pda28qdxUrYcGpW5xDMbiwtdP1rxgn/nV/jH4qdysEtykTWXwHqw7PZ9AAccgMOyVhCBV+jjcRSLUR/2R86DL8V5Kwm331NM0DZmpxclAQx80ELIpGmQhnlajXm03wcRD+lAz8OV4kXnGG+hyokmseRCJt0nPtOm2aMmPvAJyRzqjBVX6OxMUVd6e0FJKU532OgwAPx951pjh+FCU95tUJKiHc5eLqvI0DaUzTRrYHODZBsQBRVYk5JO5nLLfu6csaKyO6zTDbL9Lvxrv134cKDn0gJIWmdztVa871T5IeWFkpQ4Q66ah28YYGG103vzb3rhHlSw/vMISjVifik9uGKT2XekBWKLWz4/wJXRUQAA6HkmFLsn3cKLLYWoqYjACpgS7fdJbTlKinATckoEvwiSmgIGlk8eXdKkLDJ+ulxsmBw1S/1nXYPXVZbR5JA9tJJXQZnu6XHwmYLXoLXfJ1GJmosl1FgfckYPgn3O1t2PDmEUtmgElzpSjTHyDNyfxRLRGwsBh06Q03rYATnxVgrs6S6eGxaOfIJD9coJ9HJXy1ggxzIB1vBYTXMVOy7yNwHxgsK2ZlzjZC7EgpYIPbHL0JWhGC8RNEiNUEzMQWbfmjSia5pQo2G+hdbIHinYlHqe7HWgjLs/KzDmwYGjAWzCOfRDHiwEKFZTL/zJU6TGzz4z43bc5Tk0elqMrlxPggom/UMFP5fW9qzQMzRJdWgSSBBnPvb/QbeYIIJHH8fozG0plVZ5DyNQ3+zICPKBOViYVFE4RJs8CL5NW7Nj99bl96VHDZB00Y/5+YQ8WASvVTUaoKTgy2hNOM27Kx7XSsFO4GhEwTaYmCyEpJNPiWmOmV0i/K2z8+cmJKcYcXj4nfEN7lSrzh6ZV8Uy3fQ/BM8TwYCPGOy4vRBFC28b0g9KdqqHFpnyZifXvbQqCRJ8JpEeccYgWnySEWTsTNScW1bWXwk5Iejh+IIulZ+PKhwUZP5dGIhZdjZB2l0tEixZ5K+Fy5YOUdB+l6LQwv0QChivN2XBMDvKjX04Ln6KVnPAc/l1un0pc+/XLmku4JrkLPonAYUVCjdNAIevzD4HNJLGSa1QNpKckJQh7GsKd1VE37dgwU6aXNERBhutTYnWKd7n9M+PoJJ9DODcJPls66NggcI4jk11RV/fDY9V27ikJBsmaxckFOHOClIUte9hg+5L82UwA6zEz48GxzoI26sOOhWpQWa72myya3pZ99hPVpSGEmJn2Pko7L7hlBmAC9Tz10WxKbpHuo+QrP1Iut3Q8TNIqy5sPIbiylQ/7ZtOi4S+WyqCaMd1wJhAvCZ6jCkckOTx4zJNBpOUHBq+SX1yipehhYgFUQR8EKpslZuIK72kkYaG1O1hRVECCxgFi+W5krU8XSKkfwv2taTQkIESaBwM8fyF3iLM/1RcJQT5pVyhAkKrh1y/ofIUXvXlt+kq18+ThzlcECAHyTZl1eIYdoTQN7BrE9XfwWJBADkaFafNzBqW+GbhNmbtqgDHur9PgxLHxcdk6rE6okRx3WFBqafZqpH/6M7zrHJCTLYmFslgTUe2jy6t++ZMjYqEt+MCEgLlTqBVAnAQbg6Ui3Athr0KEgSIRudC/9sbWxDWhjVhNXe4DJRs+AOF1MJGbmGFa14kGugCcu9N506pXh48ZtPjjVRjDk74pqTJNm0m77mdQzotyzQCyhFgoL3uvBgtxPgDK6Rj7XFNoWh47cWQ9AYW2LfA/815KsGDWoMkqxISLutNodgySFk8L03w78bxBBa1RkM1vUVz2ETdZNkpqRV5MExgvZIF+6njsYLVhswsvfaJsinJ+77+dcfg8FZZnulagt3AGj9Y9HOYfxDzINPXsFdVSdauM5ueXP/17YfkvjK1ak6LhL7W2+NFnOZDEbz2eXfLdoPXbmLX5kZOvScSbQAVkAy9mBCTiFswwLHlBOXlCzs9QGDlx5Ewx9xSapg12ElBpcai0pmPLqs/7h8Bes+hcE4iZ1eHq8PYbx0urNKMTIlsYMgjC8UYIPK6klnWbhDZxaz6pMhiZFyIYjvGi/P/RsmlnDlp34DmteB5RaBYboNAAFIcgRUpVaFFZshhIji5FAl9njRbLWbZG5K0Um+1xWqZPp5Yld5z/QZNTF0YBd8e3EHku2Ib8g8oC3UdVMFEhEgPS1mDWq4/MysXVONwzhEQZDYsGfWw4RsHVhHD0V01zscXRoxkyF0su6UDDezvCmxs7efuD2QMV7S/GJh566jD1PPCOnbGImhjLf0wHrNjQ2f+2zu817d2iBWlMBtS9HPV1eFlZWSVbtEv3A+oAwqDw+AGw4Q2z4h6suN/GaSznORhUgTFlWqlQ5k7NTbfZdVMNwbMLhRozzQ1blsc79enz9R4PBZNI4AD5KfmaYZ52maf1LZXtPUKFNjDOip1Lkef9W0aIgHFtpPdaRRd9dUsR5EUQqme6ONGJQH6bvMUfOOcnrZESu335rYsvDdnsSj9U6tBGTNuNUJzXju3ejxcJKRIt0deBn9uR+dJGt2wc5R6CuAaGLlPiranNstFRHynAb6gSSoSl748Z1iIgtY22MQjfbXM8AzetKn6YPweZmS2/8VRASAG3ZGdzzF8kdgE5JXlsFIAIiAPTKGKNaBIPDaq363p/0JX9taEt7Jz6QC0uDtCx9OTb57HeaMnmSkguBuUlKKCvrc8++ancjoMwbwsLgFlwigPWaH/CSiw6IX3TCwmLrvlcYSYAIltAJ0LXXxBavn3LDlGS+R+RPUYGNQBHxYmVrXINNBHY4HfLFqxwik8XesNFtwBaDOeEF74hbY+vyyHeELyY1K8XCuf45qkQSPcJ9MJTrZOUUtOhkjFLsp4VAAAAAAAAAAAA3KrfrT5Kioj8AlYMx01685zC83LiHcgi8PpNVYBoPnx74UYbkX0U8jfOjdfffzE/VsUrv11mtlKGttZIJAaifxeFHitlzsF/6/niJkz0xcAgEGXvvvuU//FrBj+qoVNE6cyG+KBJ/mWqup3Hu5sKcQIhUPeOEIorRF2N5EgzQCSMZ4zdYt9NYODwNKBFAnLGKfWcwF8PAvbEOFwuJB9ERxFUgGgwd3yMNAsmqqN2iWL/wid03UGFsDASCGxhAdssdOhX6BshWeJ0cQaJK2oQRABnrWX0tu8j5XrOP+YPzyj1muHmnK0nCiPev4MHN+8y99OKYXl7gz4fioFt76ERokn/0eEp0kkTj1Cdtk3FdoOsfgVocCxwIdACE9UniX+XV9L8FoCKrmP1RdgcQLcTb2m3x1YCbr8x1knXr2IXmM7DZXtFDrNAWcpuM3/TsWK6EMObk2lWIpy2y0bDuRXaygZwkZj3uJ9kaUPR4pxFKth6aXyPk4fimrRJf9NhSPnprP0ayUih0uq3bLoiYU+wAbkoHD8bskPyjggqSJfK/NALpNJvWO7VNaO7o5WM89IY1zeQP/5eFztvdSxhrTFnovvBE2BJN2p3aQ7VcBD5lbJVcZ2ctiiEXr/1Jr+bOT2Z6F35NRVpRSpyjPLTRdHDyBbxAXV0NB6lIJ9QC5yvFAgSIitMxcqRC40Lv5MC9psie8XRiQpr5ZP+X/S3//EDxx1rscO/MRsBHQcquXWiY5IesW2KLcvQzFrtLLSjO7Qf0O2geKb4pWoEPwQ6RyPiFcBZEFwSk97fZO6uFqWj0e+YN8e96BbfVbIvvVGQH+5el7qsE5g7tag9eZlOtuCqEjpNuaqaAl+9GgkKWe2wzj5J0fcY2nmufoHh5y61TRyzYizer7dUBUckI2U0+Ff7sEWmyKec8R6fqcIfq6jBFvT21EbpE611ppOwiMWz2u5w5AARY0O8WbRxUWTnTk57ZkKKzj7o1tuMH9YwlQUzBlrkN+Yl8CAVjQRnkE2PAVm2c1MKP9vSccvEQ5/gBbI7R38AGCWsVkFNidQHFBx11DDCd5nnc4WBUFbvSOligqH8SzHLCgl/SQ2WGPZcms93q6Eh/CHubZbHgTbtpE6OzR/3YhOwGqucvv/Im37Egfft59bhwrLrqm5/kXf9oTOfmwcLWFXgweiimP9LDa6IAwlT/QgX9HoR4Z2ZTriZ7LH9BtmhIYRAn0VUjbtuFwIxXKfa1kWzQzx/w7OMDumHiZSTjTD41BPLy1YpAIEfceFizKPqa6PWfGBoM83cYyVLg3JPA35LKF+66ET4jHHT3p0rOOkcDg4LmTZJht9MBkeHBG+Sg45roeYcOqVygIbufodowVulix30IbzOZrLRZWAPgtHYtdzhMuFc9E6mOjWdgZ0NVh1PT+6y6YhIttxxsiWWjOhUoKf5WvztWllE8TSj89mSzA///Hd4B8vSSnzUwSnWinCSYwRpfQLqH4XH9ZjluDNh6ltOsWOgPsYUrOXK0jyYcBMzB9WlXIyJEuQIfenXiHNXasUIPfBz8U6hMUzBGh0ckfCxPLCrQKK2o44xpeoJ4B5JHFSgzhFqhQissEpRO3MNTnr+V5JPShpcmwp9GiDtMLeSM49lQa9iUC2x2bfpd2SiQIBuytjWGQfHljcwsWaTXcuMCSWhlKWmea+Gc5kk/xfp1jjLvqEUEmfe+e5vIwesb3SgsorSXGMKqCiLbl3/2mfmMv1/KqQelxxJFDyvV1IxIMk76eIebh6bdv3h8kWLWLZqwUwFe1KYfJZsONNExEGH4T0G5QxlDZvclgqD71Pqe97cMaUelngJf600IJuAP1mxZW7sUE3nGpME9aRNMxB6NWxZtUVWMKFsB63oOfpyA0eFMlSM7r9TJKL/sgWbjTFKuA/C/SFKWtFEOOjDlENNapufzAYKmZqp/+ebsFoawB8oAJ654lrZlq2ezAGfNfCRqPkMh89v4OLWkKUtfKq7gipKml5pUT9YdcAaPZiQNV/Qbhu1BxdjlaeTX0l52KGJgAAShVGMAieNH/LDDagViBlKszWQTREnZwj4jD6ZJL7lq5+F48ZBLSbZkVpYKyXnNRxFM5wgEJxbMEf6ZQJzgOhkmJI8X0nrvLAleVWzFEQh73y1hSdIRwIjSGLV9x6ZGbN5Pj8aArgeCLFlmiyZ455Y5rggSmWF9T4RNae0bllRqwDV3M6WUDK6vx0KGdOMsxzhGXD6GbQtpCUTQAMYoTMUvrAZTdkXGUs2sKciGf6zFhnaS7wy35JmjtkOUQ2ynWpTlaZD0Ph4bSkACgfVlvBiILAH4oVfeRIanJ5XdqfF+MmF+XkV4BYvIQ6NG4xXZfgzDwJamQdfykxJojj/kAh/y1fevZNUgq3OR87k5y7rXNSqFo+qyx91kMYFMMNAqp0bHNxIRUe3Ts+A/R/8c4Lw65hLANfOhLp/RGzukcg6aEXSh5PP5YzbM0oSwLZCSPtYD3Kv2pWhqaXhyJlDJQsu8F6SRG+yNzTnCuy05JN8eD7YgjQco7cCcLrxKxUmMMYOwtSRh+FeaUOucVX/pXAeqYL4Z9mgr5/VS9dY8oUHkmIsytCShtLNBLjMb1HTB82gazwWDKHnJF7b6PgS9qyQO/Bby7UdzVP/YmGMxf+nTuLbtsVzXGOeqKmEovuW71ziIRiUy6MVlh5a98yrbmelVTqAd6kw/fUaPX/TdK3tc8OWtmK2QUZ09Akvi22mv7VQsFfegjkjsbfezCtOZONzOROvIFldJSzleITW1Vpk3ZVujpYHPB3LAQg5O6eqrp9Vqm2scN4DmaPTmvvMqlyLAquTHVv5TROATWFTLkPEPixF135QNrwlkX7Aa7e7UBh7r27Me2agrrG9SRwAKKfTy9JTe2L32vX72TFP2oG6Q8ef/NH4X4YUuBOgmrUb5bDJVanmpnrjC5FUAAAAAAAAAAAAAA==');
INSERT INTO public.users (id, name, email, password_hash, role, created_at, last_name, national_id, birth_date, reset_token_hash, reset_expires, phone, address, notify_email, updated_at, avatar_url) VALUES ('72f0aaf3-cbef-4c64-823b-be273e3a1ffd', 'Kevin', 'kevingilsoto@gmail.com', '$2b$10$lA2mH7Ogu999Dbq9CMOa9OZ5RPw9.gNE2JStrahcaAONp.4JhrdK.', 'USER', '2025-10-18 10:32:57.860044', 'Gil', '0931192215', '2002-12-07', NULL, NULL, '0992841092', 'Urb. Santa Maria de casa grande B19', true, '2025-10-28 16:01:31.606058', 'data:image/jpeg;base64,/9j/2wDFAAQFBQkGCQkJCQkKCAkICgsLCgoLCwwKCwoLCgwMDAwNDQwMDAwMDw4PDAwNDw8PDw0OERERDhEQEBETERMREQ0BBAYGCgkKCwoKCwsMDAwLDxASEhAPEhAREREQEh4iHBERHCIeF2oaExpqFxofDw8fGioRHxEqPC4uPA8PDw8PdAIEBAQIBggHCAgHCAYIBggICAcHCAgJBwcHBwcJCgkICAgICQoJCAgGCAgJCQkKCgkJCggJCAoKCgoKDhAODg53/8IAEQgC4ALgAwEiAAIRAQMRAv/EAOsAAAICAwEBAQAAAAAAAAAAAAABAgMEBQYHCAkBAAMBAQEBAAAAAAAAAAAAAAABAgMEBQYQAAEDBAICAwEAAwEAAAAAAAECAwQABRARBiASMAcTFEAVFlAXEQACAgIDAQADAQEBAAAAAAABAgADEBEEEiAwBRNAFAYVEgABAwEEBQgIBQEGBQUAAAABAAIRIQMSMUEQIlFhcRMgMkJQgZGhBDBSscHR4fAjQGBicoJwgJKiwvEUM0NjkAUkU5OyEwACAgECBAUEAwEBAQAAAAABEQAhMUFREGFxgVCRobHwIMHR4TBA8WBwgP/aAAgBAQAAAAD4ZAGK2QBJzGNDbCYSBsEmyMUJQkglOZGQkAEAjGKYJAOIq4pkQG5OQOUXOQSBOTkMTkxAOMaqIVRCcSybnkNzaE4iAhFRECEDgESsiMlKTCQxtsk5Im2DQMBOvGw6EosQxyk7ci+2TYIREjFAhISQRaUFAZcxsJSBuabGTYBZBOarx8XDpYgAAYyc7s+9sIg4pERJIFFIAjKFSlYOQNkwcpBIcnKA5TEinX0YsEAMGAA3Iszsq22IkiKECIpJJIQRURychsHKQpyacmSnGTG1A1evhWhgpAAAExovz8+TFBJNERCjFRQ0kkBIbmA5grAkSnGU5AA6tfq6QQ2gAByAAMpWT2F4lAAScUKMYxJxUQixykxjbbk24krFKbGAtTqFGMgEhttSYAAE84x9lmRi4DaSBIVaTikCGOTY5Em2wsZJtttxjrNPSDYRRJgEmAAAyU57PLEoDEkOBGIiCAiSG3JscmxtWNuachBptUogwIxlJgNgAADbZl5uWCIpJDiotRFBCQ2SlJjbkxim3YxSEUc3WAAERykAAAAANlk78nOsilFwQ4JICEYoiNkpSbkNuLnZFzkIkD0mpABANtgAAxSABE9jVWtrnkUlWCgopojFRiASbmOYwHZOEpEiLsMDn4AJIByHJqINgMbUVJ22OvK29sGyERVJIQQUYCZKTk222SLGSBiLI8zigCSEOTeTZjxUZSSbJSgOJlVuV+ZnptEIlcAQkoJQAm5hJtuVhIYpJodfMwhJASripSy6cjPx8/F1ksuFORQyVViKszHtty8Xb5KjBxUa4JjUUowgDm5skSblJDsG4FkbKOYrrU3Itx4Kd0ySjfGGxzsabxZUUR3Gquxs2eNn15de0jGMVFVwixkYkY1A3KUyQ3OUWSmScZNyp5aqI5MFWSsZJxurl1uqxt9rLsHKwa5XbjnbdxjUY+8x9pjEayBCtIYQSWOwHKyTkOyVcnJyk1IHXy1UXIFGUQJSHlbDULpKaOj1tmB0/OPI2uPyu16HXrnr8jb0ohUEIQiwikRxWMcpScpuU4uVgxWA0cjFDAiCHKWTG7Yak2GZgb/E2B2fP53acjrNH0znmef6qe9kFcUq4xgBEiGCDbYyV8nbGTsUiUmAcxigARGWzpWdfk5FeRq55GYsruM3k91TvMOjL5XL1ej02w28okYEIVqsBKIa9ji3Jt2WSmSnYTak2BoNYAAnfVLMwCzOxNp0Gy5vW27PL1vUzw8CfpHK9Jn+eWaXX6/eZJGMIlaqdSAUUasQxzk5Tk7W52ynbFsA02mEMCzJqttoxnbXlej73T8FDo8fIhPW3S7/AFeVveKycDW4excVVCJU4xhWxEYrVAMC2TlJucrbS+wJMDD5dRJMJ3yyMKdJJT6vr8fmqlkb7TPU5Ow7mnU5WX3nNdp4TXVFVRhCuQoRcIiUdKMcmpDdspOVltttjJSCUuJihgEmwZOTzMvZ9Tm4fU7PtdvPlbtvw+n6D2Lc5fK/INFcYxqrjUAkqgIx0wgcpAOTdzndbbY7JMcpcjiAAA1KTszNnt91LedN0vp+12+RlLYZE8DV24mZXyXy7xdSgqq41xHGJWhKOjckDmDaJXOV9l053SZIek0YAEhjtjPJ7fueqlk7zrOhysvKz7Z5+Vj4OPi5FHL/AC7wcYRRj0wBxhKEEiOjJoAmnIbLpztttsyJDk5YPJgAzIumyOz6r1TsLuY3eLvPQc7Jy7s2Ms2NdeNHH5T4dz64wgUURAUJQiiMdKxADZMGOy6yeTO+0lKRDi4AiUtxs8G3Js9V6bobNDPE1vTW9f6fu8TJqxMhXY9NOo+XfE+krUSONQpIjErQVmlYgAbkwZZe55FmRbMnKRzWrsmXX9D9K+V8Zrt31Xc7LY+bddl8Tl7T27dbnZuvCx4BF8x8y+dWKpEY0VpRFBKAox0kmgAbkxSJ3SlfbkTvnInLUaHsfTTxajpfurxXxTE6/oul3XE6PW9dseY+hehyfPdPq68S7N2e37jW/O3YeS8vXGLVVUSpCri4EYw00mgAlMAHK2Urrr7b7HZONWFLce3aDxDpp63MzOi6TotjyPCdf12l3/acJwvL5PP1YOLsem959c8qyOM8QUK4qEYEK4uEIuMVGGnU0AEnIAbna7rrsi+dgzC9K855276S9Qy/nTx7d7rpOr6DTcx0nQGTyHK87rN93uz2/B19r6v3WZ8m8D1XnUVTGMIRhGA4xrg4xhDVEkAMcm0Dd8rLsi7Ism6NHqPe8/yDpeI+hvT/ADP5xv6jr+z3mo2XWczrNRLZHSdF1V2p4vqdP1Xou08G8g7n57jGmulRjGMU4whWq41RwgQAEmnIB3znbfbZNYmjph2f1V8qfVPhHAeo1eT1dT2Pf9WurxqMfXZWJrtT1vW7HlOx3/J3dR2nE8dR8r6lV10VqKlXFQqrpqiqFjyaAABttha5NtKrDQofWviP1Vi/MOi9S8l1/Q9p23T9fuLcy3XafUaHz3bb6vu/eDj6c7saPPtd8T6zZXFdUYpQrroohGmIigk0DIRJOTimmgiBFSF3/afTmd8v+T/UHzvymf2na9T1m+2W529eq6bUed8DT6f6j2tPFay7oOl8v1PwHr8ze5EIQhCurGorjBIUFAc4gytJsaQKIMBEmHv/ALj0/wAt+L/V/l3lWT2na7rpNv0e+3eblZ2wp1Ws2nQ7DXczqqdz23O+Z/AFL2G6rhVTTj0QgoxcnCBEJMTVai20kIRIAAk36l7Z517/AOEcR1Pk+P0XqG22+13vR7rc39Fm24FWbmWannOeN90+bwX5xa8NhlY9eNVBCcVJkYEQJA3VBA0AAEhICQ5/QU959EfOPm/E4W29H6jMu3PSb3o6dz1kcfM2MoajieH6Xrt/v9T8t/Itad8IQEIIhJxiogOQFcYgAAATFEByJX/Su/7LO+ZOC1s/ROv2GRtdj0vV7KXT25OxyHicv4rtN12fQdplebfm7zUQTERSBtuMVEBzRGMYgAAATCKCQ5nY/QPY9D87eTa/G6r0Dd5G6zOo3ez6DKv2e1srp838c73o9n0e6XPfnDzjEgTjFMcwUYxAc0RjGIAAAE5EIjCTlLrvYvVvmLh6a9t23W7Ho9vldHmbXd5ufffdjeN+b91186MjafNvzrgDQhMrTTmMI1AOaCuMQAbIgTbigBuTl6J0vkcI493Sdzvuk7nKy83Y7jaZF+TnT4X5R7LleTo9G5DypYACQkogEpMCgAmDrjAAHIignJwAAcp25DhGFM8rpu37nvd1bjZ+52Obn5eTk0aXR4GHyHI+W6fjNegSCKiAObAoAHIdcYABJkUEpyrAAJ23ZM8eqFOTHZ+gdh2Pc5WRbkbDY7fJyZ4Ou1BoOS6Lts74E89HEQQlWAObGqAAJkYQAHKSiiSsmoRAGW5eROOLVVfDedF2HW95tcjOztjss+5YuowNLTx242Pu/O/E3irFKCjFDnFDlKKqAAZGMQG5AkMlMIIFJvMzJQoxoK3Z5m99c2fQZu422/v2Gs0+kvOR2PU7PK1+D5RxXg9cZwUYolIUZOSKAAQRIg5EgIiJ2xcYpgPJ2M504+Pj35mXsun6/sdtvdpus7q+Vx8vH5DT8t7jusTneX9f2H5y8VGUUq0SkEJsHjgAoCAcmMCIlO5IIoJSeTm5RTDVWW2bLJ33pOx3G36bbdl4XquL9E9L6vMyNNqeE2HUbf4S87UwrrROUBTYPHASjAG3JybIpRCV0SDnWWZ9+Fi27jalWrxVPOpzegzej670urP3fA9X0+36eeBg5XGKzxv5Eg05KECTgibYqQSjBNsk5SbRFRhKVslWpCvybsfDV+6z5xrwcO7Jx7L9j2vo0NDyGR652vdbvD43ZdhRp/KPBup8k5aEmq60xDlJhQhFcW2ORIHKARi3dN11qdmxws51a7I2mDkZ2ZXhSwyu7K3G25/F9T7nqu/nrNHf0/ZedeH7z3qPy35Nykgpgm0nKUiNKCMBg5hICSSQFtjVA5uFssuesybYJ5Fs3j4Fm32u56Lua/RvWd5pfBd9j+rz5n5I+j/dOBzPi7yesUa02InKaMVkUANsGybUUkFlo6oADsMiuF6d1NjjGme333Zb70/jPpHuMfy7xv1Lc5FXh2dq8fZZHiHM85EhCKkBKc0YwRQA5ANkwBQRO6M64IGpSnJwlZDJhS4zyd9dtev9l6L2yziOOzdznR+XPRtz8Qa+zJycTATjCslIY7EYwQBocgGEpIHCJZdF1pIAnN3yTbxUx7fbddu453UfTvl3c5uwop8B+aut1vB2UY07FSIgmCZMMYURoJMACUwBJW2wglkUxiErS3I2N+DpVYjJyOp9r6b1Hquf8P8AP+u+j9/znLfIuz5PQ4Rbi2dTuNLzeMIAjJgsdJDYMABsY5ES2ZVGMrqIjVs79tPGwMMti3sPbfXvS+so8O8uyfUvV1yPyH51l9PzGCrMezfUavFjJwAAAxBAOQABIGgGTlIrUJODcols+mjpsWqLcl659NbnpdnzvnWwr9K2nI+MeVe5+y+S+H+T0X5+wzdppeULsGkjFgCwW2DkAASHIihFk5OlwRkwgEbMzO2Gmw6op25vtv0fr+wyeOxbei7DR+LL07rN7j/OvztOe2vyd/xvNbPU5nDRdMQCGHIbCQAATkDcEiwai4q51Kwptythi4MAWx6r1H0Xpuj5nUbTI9Ml554B7f6/0GI/C/GMDD6vUcvuei1m93HK8x5jgmKEZGAN2AAACnJuUlCKkRJKJZdCqztOHdufj4sHG7tOg9B63qdDxHqfqPPdRpJaTSepZe85T5L1teXTs9LgbTY9nucTk/PvLDEBMwAk5MAABykTZBJxRJkDYGLHM9H80rqcVKOX2+X6R2FXN9BvPYN/5/6PpsbA8+9ZyfL/AD3Jt0Gpsp1eVTt+03fmfCeZ0YwAYAScmAAASmpyIwcUExRNtVRi3fRvz5rwAnm9dtOs73n9T3HXeo5y3evrxMfR7rQczrsLR8Y5zz7dJ2NvAarheaqTAwAmEmAAASlIZWiISkRVmVLFq2PfcTpgbM3rdpldxPdaTrfbMrscNUU43K77O0HJ89zvl9nQQ3ywd/zuNptH5xjAIwAmEmAAAEpMUBANgpX2wxn2+Nh6Glks/r57Dre6gds/QOszHqsbBs6fMxPK+V4Dgtf0q6nVYOa9Fncj5xTfXXWYASZJgAAA5SScYgSAUrRRWT6NvNLp+Uy9Pn7jc9d1vR43b14HovRQ3+ohTZ022lwHkfI8Th9LHacdqds8bofD9W8yFVNOtAnJgAAADsUklFEgCTiyJnegQ1fWcdx+bn7r1KGN1/X8jtNlnan2LZ0VZmV11ui8P0+g1Nd2Twnn9fWbXH83xc5U1wo04OUwAAAAbk1JQSkAmEkifUa3f6fVUbTI63dw6Y33F+wdJfzvrOxrjRDpt1zPiUMLHw6H55xfObfY016nKhDHxMPUhMkwAAABtkZOMSQAAgau3OBht7Loet7TS6rt8DL9e4nJ9O6RZOx09F+7805jU52xq5vD8j47BV1vRwZhc9r6NcEyTAAAAGwBIGwASBg4udm/2/c7TOjvuQ2eP2HqmVk5uZsddznO6vE2OJd1mDr9V4TzGkxt10GwxsTF01GlxcAJkwAAAJAARAbBACAkEh5O432bb7DyXWchka/tPW6cvJ3N+v8AEs7Y4udm4nQabC1Oj815TDzOhhqZSrx9NqsAJyYAAADYARAYxJtIGwkrMrf7PI2bs649E8/6v0TG2GxxtlqfnbsrNliWW5Wr5/n9tpeS5nNzaNJXnSw9XTgBOTAAAAAYOICkyIABIkPN2NPSZuRlQl6jovQdfL0TD1Gp3nUea+RdLt3sdjq3ocLJq1a03DZMNThOdcIYATkwAAAAAYgBsiAA30Po/Gcj1eRhbDpup5jS+h9RrOk5/dX6PM1vsGf8a2b/AC32HQ7CjO53F8wj02Rwuht5XBASwQlJsAAAAAAAJCQAD2vb+8cr4P63z+k1vU5FeP2W97nK826W/Fwuo9I+bfENj0vbZvUW9NOxanw7ne5lgcRbxFLBS1wMcgbAAAACJIAAACWx7T2j1XzSnzvkttn2KMPRe+4Lv+H9Mx+e7rnfizZ5foWf1GTfvN1XLR+RaPo99y3N6/jIyhGd2kAG2NgMAAAgSYAAAPpvT+94z61+evHMfY76y/f7LUQ3u19G0mn7Oz4gq6Orte4z8/EzcjSb7S+NbLXT0Eue0NxXHIejAAkwByAAAIEmAAABtt/2X11VwviOk3XYd3tvLczB6z03V8Tsevyvj7zK7d5/XdDv99PE1Og7nX+edDiLkuW0lF6Iq3SAA1NRmyQAABByAAABmw+jdRr/AH7035H0m31ufnWYtnovR8/jddtvlXyiqObPtN/nZOFKmXTdNoNrymLyvnNFttdkqpaUATJocmAAACCTiAADeT7z6BPyj2nQ8RibPKn2nReUZGTd3uL8w8RFGZT1+R0mMthzF3pPZZWJwfAa3lY5Sx7LbM3jQAHICTAAAG4gxAAEhy+gPKfvrecb4Hlz7LD1vS9R5/d0PkXgeFZBvJOz67Q6TJyOR23q3a67Uc/x+kjTuadTlZGV0PjYAOQBJgAADEAAADZI+ptJx3uHvWg+e+92nIz6zmNv5n4hzMW5MuyO232Zx/O6vN2/pe0p4+63g8XN21Ojtt2PVeIAA5NDkAAAAQY2AANkn0Ppft/mPkP0Bh+q3aSfD6/yDhKmAidm16zqtbyujjvenfVU6qjN4XT7Fb2vWYke28WAE2xuQmAABGDYDJANhKHY9/5p9Ve38TpHj2c58saeCSG05bnqNxPksbA6brMrJxtLn0cLr9jfPfa/Gh618yAACmyQmwABRg2RbcmNgrDpPsDzaj3/ANUxvlrO7P5c8tjGMQckO2/p9djVG77nrng6fFs1OssxtedL33snd/mKAADkAEmAAowAG2SbGE7V639G+r/KPHfSHk8Ox8N8qgCSsSJKwnnFey6rodhRjRzaqtLg5Pe+299bH8uQAAcgByAAFGAEwkMGyUpxh3H0n829L7BuI+d+0+DfP4AmANuU9rrszYdt0d2PPYa3n9vqfon1LIIVflyAADbkRbYABCKHIcgFJkpOdfY/evD+KfQmNufmzUPxSoAACQ5PaReb0HbdHh41Gshm1fXW0CNP5dAAA22IkwACBEkEwAcpIcoy+lfoDsfLPBfoTYea8r88aoAACQ5G+qxuky8rv8PH19OJr/WfqBE40fl2AADkA5AAARSTmwJAE03EI7X7U8/jsp9b538xVpAAEpgbnO1e9jieja3US2HN5f196dCEYV/l0AADkBJgwECihzBkkA5KUWrI+4ep9jzPkvM+ZOKQAATZLd7rk+lwdv2nJajM2c/TPqTKUaYVf//aAAgBAhAAAACRtoqgAAByRIVbAAJADMoBNtjAAAIygQFvWwAQAhJBVAwAYXEZQCEAPbRgAAkEjdAABbCOfMABADrawABJpMbAB0wFywk3IAAU72AAAkAoAAslZYAwQAMEaVsAIYkDYAVN2s+IKBJgJjAN9EElAkUAAx6LDlGNyDTimmir3aUqwJGwAC7WXIgYmmLJzrlvnqdWkJTYEgwYOrFlyIGDmG+dRtndVv065oADEpjoCtAy4gGMOTk9Lnqb446dO3pqUABzi0J1bDYJ4EDBmPJJzk5Pjr67oqUAByI0uaqw0oOHMBj5/K4eXK9NtOKj7LssgADlkLuaumaUcvONYmXmcuPTzY1WmS7PquinAAHKkGlzWjK0Ofg4+/h59vLz7eXt8/Xoz58N/Y9nRiBMOVINaaqm7iPFz4NO/DyO6ubX0N8sePm09v1qACW1zJBWlJ1QRl8y+ny/puHwujj10rFrk759f3tQBJCxSGDaoDM5fBOz1eTweWNK9PfGfK239H6HWk4UjiRAhgCBnzfJ6++3gcnK+vqe8+Sep1+z0gs2ms6JbSAAaHyfNcv0vo+Dxc2PTenXj5unrV727lGbpSwCQAGIH5fie36PB5HHhF9PRGBv0/SbtZyr0iGAkA0UkFTFteP5HLD06+idb9Lt2ZGaNEgAkGgoSDKdNK5/E83CdOzrz5cPT9zqsnMYNAJA3INiM830VPD4nHHX264c3Br7Ps7Oc9HIIBCbBCoKMstd7z8zzuPs3m7ww5/pukMmrrNoaFQSFJmmuJD3WfPxHn+Ln0+h6O3Xs0pZqsgaCgJLvJl2ihyRzef5Z0c/s+jy9VEpuni00DaHOmmAx3onJXDp5HN6XB6HrKyJmR1WAAA2BpMDCutYycHz117vmx9JaqngqAWKAAoE9s5AL7ubAXyHn9Hr9fN29229hKzmic0gAodQgctnRnmvP+cw9btwz9Xt067YnnhDWaQAMbliYHP1JR53jelG3F5/q+n6HW7AOXHSc0mgBipKgBKpnhXJrz8k9Hu337UwMOdvIkAAaGqBMzkvn5efm25sdPa6e/qYBk5xxJAAGMmgE1I+XKL4seV9Pu+luAATzYIQANiRQElJLjwz7cfm30d/0/RQAmLkxSAAY0nSkCpiMrz5Y8Try+n9bQbQRmZYpAAAAUkK7nyejn6ubi68d+D7DVgAY4J5CQAAMQArrk83uwrTLk57+h7tgBpc+dPnAloAGgAKs4Y49+nx7y9f0t9WA1lzlvmAloAAaAKuMcHOFY+h3zpvamwiZrTzgSAAGgAejcefyuuvqm3r1LDXRolleYAkNAFJpFMqMOXg9vZBOvVWet6GaDkwAJAAbEmqDXLHPi9ZoEabPXSjbLk5kAEjQDBAUKqzjN7yA601e1sz84AAkABghsQtXz57XABem902ufmR/9oACAEDEAAAAPMaUIUJpJjBsuk1EoACwAdU2RKSSEmNtaVtqDFOfPmADAKG6cykShMdE1XTuAgCTLnhAADoKEpSVA2kF9ugAJIBrkyZImOpoBQIbYNldegm5CQAUzzpTLYOgFCC2xULq2AakAEDhZYil0SOgUIp0mWLuCmpU0ISZKMM5CyUOiEDdoek6dLSt5KGy5VzIjmyp0pQ6FIGmkxVl9BLbmQddC05+jk25p58adTKDVEoNLzdsrdDaRGzrfbXm68scOHCKKmUHSEzDq1NsOgBymu7v8vrdz36cfD5mCE5ch2CSmLZFUR1tCJa6fVb6Y16suzH4rmgJHI+5EpKRpjjpoBI6/d9DoOfLme+6+P8/NNIQ+5AlJA5LWmo1o+v2Ovo4hzK0rH5PnzmkkB3AEyLO0Uq9D1/D9Hqy9Pfn6PN35s9exryvDxzTcCDvQKUGRcpP6yu7Hy+31uBdvL5XPp2d9PwPIzSRnUh2gEpERaWm/3GHJ6Xy3qe5y9M829LLr8vbg+aykmZbL6EDcyEt1Z630ePL4nX9JvGT8+K4/d5cuT5dRMp1brSQdioaAT+038blw+m6iODA549w8fH5yHDdsV0Sq0AAQyfQ+vr5ry/qO69PMWPLv7uHgv5zIGNpXRKumAElEz7nt+H5Hse70XOHHj0+1x8/B8vgxuiB6EqrYJkpgK5nX6D1t3z48ufXz14vl5spsmTYJNGJNzNALbBHf8AQ92k83HzX1+l43z3GnTYoeoDbSTDN00dOOBXr+91RwcmO/V6keL81m7cjlbBbSlDpZsrOenfHmnb2PS6POV8OWvo9XyGM3cslbN2lMoqlkaTnG0bmDrf18/c9OOHy+KOLnitE1BsU0kknRktAiHmymt+ru9Hbz9OLw/T4M61Qs1u2EhMt1nNtqIJpkerzeh2eP3Z+VArLaUrehCAgVZOylOXLr1KfV+j4Ovwa7/n8c3M7DBPpQkCJbWZbSrLi6dw+36uPy/N9E8vn588400psfUpQBCTqWOWq5dNH6v1R5Hlv3PD4seRLLPLo32Z1KUAKJLblqa6eZj9z3fLx4Or1fL83z+SiM8tezVrrSkAFBbJHleiSftPp5a0vDxsPO0IkXTs66iZAAlFNBDfQ1z9fp7b8W95eNx8OTnQnWTb0SEAApZSGk6CO7rrPetoy+f87FLoaIrp9FSgAQDEAxCv0974r+gy5Ob5PCM56rSR29ygAAQwABCrftx12XuclfO+JliU7t6rfsUoAAAEwDWfZ5Orj6ejm2w6Pl+bLmV7F7dIdYkkAAxAA+no9Tzd8Yvp0jwvOxxjOuib6auPQAlqQBiAA6jpOrn5/RjXy/LxwmVDrbqgfoASSAAJgE77m2Zob+dwGfOh806608l7YJEgANACWvRHWCw45Sx466MsJtoD3AEpaAdy1Iiemp6uzx+amjPli8ItXI79gAkJAdiSSUadXSuzxcRyyIyyxlzdbV6YBKcgOhJClLp01H56ASnnzwhvTUfqgEiQDbgQSmbdWmHCwCDjURSrVP8A/9oACAEBAAECAPQB1BoegVrWta0BqhW63RHXfn5E7wpQUCDnWiNa6a1qiCNeg1rB9QGvAZA0K1oZ1WsAVrXXWtVrRFFRdL/2/b933/d9pcDgdLiVhaVbHTVa11IojXsKda660BjWhnVaHTWNCtdNdt0pS3VP+Xlve873vYX5pX9qV79ZrWdY1rXTWfHWdgYAzoddaA6Dto0KNaIUouuPqc3vfq3uvIKbdSoY1rWtdtaIxrB9J6CtVrsOgxojWtaAIrWhjWsKU44p0k1ut796XG5ApBrWtazrWsmta9nj4hNAY1rWgK1qhnYrWqTjwCfHx1Ry84VE414+Ote/SFtSPLJFa1nVayRojOtYPfQHQdNAZGBgUO5pRdkLXvfTe/4PsSlUdukr3RPt0epo9BWtd9arWs6wMgDGuhMmQVUem9k41rI9YWl6kLZfojWiNa111gitao41rsOgyO+tarXQZNPS1qre86wP4hjyw3ISDjWBR7HB6n1DGtYHUVrG90ewJVJkbJ1466HAxrWta9pG/JK2FVrWSepFEUc6yewwOwzvueop9xZ9YofyClNt14R3AnWtEeJBGtUa1jWtGiOusDAwMa6CgNUOh66lub673nWvUfUKbdWhGGngT0II8fEjGtZIwfWOoyMgYFHIBqU8tXr3vdao43130OdpPkpykONk1sY0Rg0cHscnGsDGvR4+IFJGdk72Cun19SNaxuhjTCHGPAgjWtUKA1Wsb1qvqJ0tspiLB0Bk5V01oij6B7h6niuj30aORTiCmOVvhSYkxigkMra8WG1Dx1rQQUmklDhDeIqtNr8QFZOVYOBk40Qeo9Q6Ad9AOpcok0OqirKcKOxSxtt5SkBDEZxQdS3T7TrikBIpNCvCmGVIUiPSaltRqUKNKycKwepye26B7AUDugeusClF3GtdDRTqhW8FQo0lCqbVNW1TIihsTA0n8ng62gxmbhFeqOspmMKaQ61TAfTgg0KOFCiOpGNdRgdk4AoDWk4B66do4HrGRTaVsrCKFOIQlhrTqI6W2JbKW2oVujXBLraWJtsjsuRtIcLinsnBwrBHoNbxvAoHYOxQIIoH1HAC8a10PYJTSG/BpLzxrxS80U08uQ5HMqJbDdWIltdQmNKbmRY0NgrD1fnecbps5VWiKOD7t7xvYNDCaGBkYB6ipifSBpCVIxEKxHLjMdlcNxKlxU+LrMNyLUlLsti7R5zbLSUwlR3lIFwmSn0iCkAZNGjhWD1PXeN+W/LeBQIINA+QrdAeOu1yHpU3SKSnWkqfcC2nWYyIs2J4wHKn00iGqZcG1vsOKdkPuWOuRNLChPqe3TDOvE4J3WyMHtrO97rYoGhW97B8sAihSfRq5p9CKTXg0227IRjZppyzKt4nMvpZLbLtNR1rngOh99LSIKePSr1JZTcW5QktIi66HG9iiCDjXQ+oY35VvewUUCKTnY6amt1vtpo0yTTqwlWDSKtU39U6a9bXYbbzVPKdcaUuowfbdRHi28m4Wa1y7Exw7k9lWlXU1pWBg0a0epxve97xve97BB2k7B2KSd9k0pK099hRUleVBtPilAjMNGFARco8Xj8fg7HAoXx+r4y/83l/GSPjRniVxsw4va/je3cc/wAS1C5DFcGlURRB7HJ6nGtY2CD18vPzGAQQpJoEdQfKWj06wMGkNMxWLRHsptceCqFbuJx4DTCEpIoIQPqciOQFRih5pCV1cxyyGonJogijk0aBo4ODje+grffeyUkFJBFJyOl0QfRoJrxSggICYjcCC1a1QY8SK3HLSkFDjakkUFIc8llQWUupo1cW/kWaaPVdb6Ghgijg+oVredikmhQUkigRRoDAFTkegNhP1toWlDDLVs41B46zQb/SwuXebYy3hqghpaQUsuBz7NLoIVThusrkV0SFUQR40uicbwMHoca122D2B2KFAik0gnIGHUuJrXQVGSiMWwlMWPb7dZYqEoLkq5MxJE7jEaJyeNyi3JgxDGVF8XSR5b+wq8lrlSvkbl1uZUSd0cLo41qjg99+gY31FDANJIIVhONVcWvD6ktBpLSUWqAz8cX7i8lkIbj2mChuO24HX4zDhvsORc+IWKJCZtsekvF0uEuK39ynitSrpdOUc6fsKGzSqAIok0R4noa2Tk1uh6BjXVNChQoEUCMawKFXBtJtMRi3yuIOxlxeNOus88eddKYqGkxymrnJ45JvF844qdKXDghhb1xuHMI/MXucHnKeeP8AyBG5q1y2PyJl273Saxa7BfrnvyNA4VRwaV0VgjocD0J9CaGBSaFJoUKBFDLjdmtjj0XmHH79zziSIEC1uXf9ilsVCUkRkPS76w5NtNjimdHs1qXPu3Opd9RdF3F64NuUtDTds4/xexNt8ilQ08zuxFaOT1V0Ionoa1v0b7AhVCk0mk0gCgAK8jTszhltnxVtoHCOdt26fF5jbQ5GkQgwY6HH0xotvstiWtCzNuHI5CnmGW4ljb4M18Yo+PbpY4tptlut8OPbnY3yg4xzm6NECjSqNbNbOCeho1vZO9k0f4BgUKFJIpJCgdinHpE9TvxxP5naWIszi643FOUvXK/PviOuKuKuIHoVmY43bn2nWXwW02xuxJt8RURbLhclO223iwMwoSreuY1zvj73F4drca0aKVA5OCnWsbNeWyfLzK/HXp3sHqKGE0lQIUF/c9NccVRHDbreoiV2ONy5cWdF5FMlSKaXEVCEUxVOceQythEV+2f4/wDJ+B+E2ITsZ4rm3BnisltUaO1GfQm4RPqeRfFbraqUOpyaUSonyFE5Hp3vdb3vewrz8/s+37/v/Qt4qwaI+P7zfo3HGOW8JunHkOJhTGqhO25yM7GcjLNJSI4iuxpFBF5S5yqNzdv5Gc5lxnjbLD0Z9lLbdW9y4MKQ8nkE1qa2+VbVR6eSipXmpxS/LzUd7rdbrWda7k73vy8/Ly3ve63g1wK889h2qMhXyVMtzrETkUWoqoFRXIb0N9D7K2AhLkRVqjRLtAc4pI4XB4pZ7LbIcdEkzEBDVRVyBc2ZibioU0804aNHBPl5KcU4XPIq8vLdGvLeB6t78t73vZO8b3vfUVPb49ekXz5EbWeISOYRyhioC2hEVEcadYWy424KQlptDX4JdpYs7USM35PrkhSgqGqOqfFmJfXQLDwWpfmpxSy4twrK/LZOBhXUV5UckZ3vrv1DO+A3+bxmdy7iEX5G4pw/kvMFOJCojkUtJQ6wWX2Hkux3X5rLqVfYtVNoFFUhMpch9lyPUZUhF5gXCDugWXi4XFOqcKz1PU+0/wAoy27xjmEy28Lu78XlXx3OWoKqPUCQhf2suMqalsSGDItXH3UuKV5NoQkFS5Lt1m/shlgtOpbmQ/lThhylX2fYVeoYPcVrBo/0gMPccmvs2ldwcvjbgcpt60vMqQtSmnGXmFx3mVWGL9yXQpkCiXlzZE24xWoRjqiMRlyEz2eQ2/073vOsHB6joaP8RyB143fY9wtkuQOaMvuOUmrU/HeZXtoRlNGMtpTb3mC0Q4F/Y8rksxqraVRoLjMuPcH7jJl32dv0HI9B6joaPvGTndDIoVab7ZbPeFcqvXms+UORbXmHqaUhuMmOlsM0khTaw75JDo+Q6hLtzrVwL7lyiXgXH5G5+9Q9RwMCj1PUdNenXUYONa1rBwKTVq5lffkQ4VRpsw5zMiKuIYrbLQQxTbrBBFNKbKSmuSWlMiNebhT0JSeNufIV2bD3oNb312PSK30PqPUUfQaFaTQBSSTW0gm2S4Zjuw1NF9DakVHdQ60pFN0hQJRLgvtJZkQ3+PKRO4zdeFv4121rsPUOp9R6po+kYSEggpNbppYqObe7AeiSm3XHAgBCkmMRSSFF5UpT61odu8yPLt8WDb5Nm5vYqBPU1sUew9YyaPq1rBpFKod9aTQoGtKoUaYdFIERUV+I6xIS82+0tFRKbUmir9BcnOuOqkS7wmOWrLNgPT5Xy5MI1lWDg9D0Hr3vffWtdUUcaI7AoIwoFFLApFIdUbXIZlpkxVtUwlhTakq+x6auW/dWpaVTbhbbO1DbjLgtQb1d2vjbk/xWUnKsHB6a1Wh691vedepFHJHdivFNeJpSHEim6TSTa3BdIc6K4xJacirZcS67UyTBuEq+ji9x4vJ4m1w+wQVQX3rhc7Eu3W2ZG5rbskawcDqPbvoMa9AodfEjIARTb6VUUFr6tJPklaCy8mVGuDc2LNh3GK/HnXNF0lvcfmxLDBdvUO5uw4Mee7+cwZFrhckduPyDP6qwcAUcj1Gid77a1jVHoOqeiEpZ+h5nTTrDn1lpaXYxb8GioFCSm6PXFu52+Za3HHI/I3r8q7WyAm6w7u04t5yaZKVu25KkN/JHM1KyKFHBoY2cjoexO6A6DHkMkk1qhQoV4lOhQOqBQ/8Aa4skUgw5KJCgUFqQlTSXUrUtx9DqJMe5sXOZf7Tye88ks1jstlYisoEuTLuN1tSE0+849Ll/6bcfi1+zrRQFaNGt7xugQfQrsMDoDvB6pyoYJabchFDbS4zsIpZpMnyTKE1qQ62kfQUqKFF9NRFLu7i2WbbZoUeJHiRXn13ORdIUYi1Pc7gIvvF0uAcY5bxe+tUK3s0cbo5FDpvOz1GR0FeJHZJNJo5FBZc2lVMyZASU14mtgfo+8KCHkmk1FVGdft6UwYqpFlssGzph3Bi8SWuNwLTAZjS+Sy5T3xctEfnc948xsC2/Qcih3PYevWuicA0R1B2CFKCT9nkKWrBWmiqk03UByxSrBcLtZkWHjdjQh1zlFysrkDkbDH67rdZTTrlz+S2PnVPzQvmvIL+pR6E76ih3PYdRneN1rWBgUaNEZ1WwRQpSfEUDttLteXkSgBUNmU9Bi2adabxxWS1Ti7rd2YjkC3cWk1cHrjzOxyeQRZ0vaHUPtSpDhO60RjWtaodz2HoHY5SMK9IoYBI+rx8FOboGkmOtlVrtN5jM2hiA1JFw5JzywKMRiHLdt7HyhMesrNpvd88A28zQPitnx1Wta9Z947aIpFEKGXgAroMhKEoWlueFUOmo7liZhPwOMce4rLs05PKuc2xVju8IpdmPcu5cxyR3nMkqSTSTTQajPGIzIPfxAyRR6DGu+sb3sHBoAVtVHBoFtalUKIpJpBaQVOOurVQomhRXbLfa7da+PW9hFOyuTzovE7Xxm0cRgpuLiZXyFeFtxWIsFSXECinwZS+4UPA4AI9Xl1Hs102SnoTRrZVrQFGkkUio7ikuklWPLYrXGLdZrQlUNxUmcu5sSqfShTj0yVe7hA4dxnjLHFubcAc4tKa+v6mLc1bHLLGs8i3OR0sGCpPj4kdt/wAIxojonocHopODQoFJ+wuOBQPRNNtcOM2XGfjHyvV6g2pLPG21LmG6X2Nx7jnE7S2VJj8t43fIiLYmKmEh5hwtXaGtpiAiPcohTWlDqcDOta9INHGvHw8SMijk4QtSjgBxuklK0KWpXWMy3G4Sy7Khlt6/X+2QbekNOWu6yuaOf7Rx5pp6dCZqRL+RJvjLaZdj0/CnswLkIblvj2x2xL4/M4/MiaU3g1vpv2igcDJo1qjW96rdJUEFs0gyLjqk0h8lVDBKU22OEW5MSmnb/wAjt0yytvWVmzSrtxONfbLKsNtpK4q5ESdOut0eTLpLQMdqdGZDFyWuBIQ445cYvLGK3nXcesUMjJ6HqcpSpSq3FZkfHUmOF+XkaB2QylkW2RDMNV5vlphswG75a6/Rd2Qh+kou6OP32lyuXg2VoOx32pK4xmsRWpFuShhyFPMi8zp7jzZ/oGU5NDHl1OAUOLH1mmXbd8jXB/O8Co9RqtMWyyWpVpg3GPxK5RIVjSkWaKVONoRNhPwLWyHX7SWXjIdnk3JE4y3KZc+x5qzxpF4lO3EXtpZ9A/mOD1BJwkgpKxUIq45crdkZjVFMdcO5W9tMq5C6XSPOgzpAWr6ShYpS4ciJDEe7sCAY19iyWoM5dMuNKdaMYzXEuARZsaY0B3H8OxjZ9goFJUmtWu9zWVcecazqOIbaFpZtSP0iFbrJYbdOuXHICCXHEPVuW3aojDYbmWyQiTVzq61AbMVhEdFzkpqRcg+w43Fu0qQdJaU2Ua6b/gBORRHpFA+ezW4r8a/MXJ6wXKyohv2qo5aVFZ48iytvx0tuzJk26N2m6NS25f6VOqcXTJiuJSpPI4bxuoksQY7rcVpblyeVLcpmmUMSpT5rxAWCCkp6j+A4A1RHoGNeXliNUNUvkSHmZlxudRqWqKWoYgNXG2cmUblcUzYPJiqFdLdMFKCSlTLkR1xd1VNTNiLh2yBKbgsPRr6zKcjTG3Cw8/KZSj6whaPFad9B/IFYOR6BRyhYlIaZXJUtIqFQTao0lll6ByC7Wa4XRE5vjMS7T3oUa3xRQR4LpabXJJv0uY8ELC1KEhEOVfJFxaQhh0ThIeZDP1fnUx9bijkZHvGN7oVv2byh2FNXNU5sUyiDVuRIQzNlwrPJhxJsK6QnuV22wR221KLJIlJZq1vLl3C6XJsSUoEJ6NOtv5Li0+s0l1C0BEVEZDSqdUsrrywMj/loS0xu0t3qZZOPKjxGpy7tdWq4qpYStt5hxFIqYu83BjlF1uNrdIdjwFEqSWp7Vyty4chSG4Sktth9ZKluuFLqcjA/u37BTVN1BjGczPk3yNPUPsYjPpil2kv+bFJdW/vl92hrecLTbymyiI7dbi0FXCUxfEvR2xHbaKnDcEzS68nymKyP+CPYAhuM09KSDH8bdKix1tJtS46GXXRSAHYN2XJn3W1urXGua1gKVHuCp8m6zZ1pTKffTOiBTTiX3nyQ+iV+tby1ZH8e9/yeJTqK3+RKIyGm7ZG++Su1W/iK7tTE21ReORHGVOMXxFwshUn5EmwHG5MZX7kSH2g3PjzCBHbcfeWkTrQU0UvnYc+9Sycj/jDFmtPH7LymKE262Mx5rLKoKG3Jsd5fEm/0PoYgX1VsvLvKpFplTVrstvmzOTcjt7/7G58JhtiGXIyIEiJHhTWrg5ElJSKvcBipCJTnoH/GFW+BM4UhF8461CgWu7RXqTTEz/JOSWGbNPs0e1Wac4yEQFclZs6IjFrCPk7k6WlKtcREe0wvoYjN026y6tm5R5bcamVh6QllLoczrGs72Dvex/BsHO9+gU1Os3KbFymHbuW/H8SuSrQYslqzuQH7IqxiZPXFvb795ehwLfY7gQLZA5vyxSmR+aAWW2w07GdSlhpqlSL29PcaQDHF3uLbEh10+GtaCPDqK3gVve/YaHuFWa1WmTK+LeP2ngPMuS26UtaYq41v/wBdat9su0yyRXXJPGIcxfkbo5Mttrulz5DyG2xlW+NVuVDZpLaj+py4N3qVU6pxTGdCHG3nXZTpKqFGtoJ7juPYcD27t7yZvBp0SVBY+UmrfbEsyLZx+ZFb/DfLXxyXe2uK2hTam7tLZbgW91/nHMCWHVux5rC2Ls1dI0xZclPy3J8edLRLWlDqI7M5p+U643SqFeBaCt9RRyc6A9ZoZ16RiGzbYc/gVkncU5jDtFz44pbl2/a3McuCW5EiSzaJ/wDkpE+M7aIj8vm3OCo4FNLs74TCEl5uW+Y8tmFFUgzbKm3XKAzJvjq10gOYTRopSn0617taoesYYfsvNWLxD+S1Q7DJlJk3b9rK46XEWLjPI4bzTDiXYLaY145DyXl9b3TRAtzuo9xkPsT7gtMqHf4TLMZMp2TPXJk3OV9P0tIcSugAhDYh99ZHtH8W2+A/XxktxlWJy23SWUJ4hdePSENQFWxixv2lUjkPyNLm7JOBTJIskV+lR7jUYSrm/JtUWBKjzpZmXSXcpjEdt0/VHguQy00x4W9lDPYdh/cC9LmceVxuD8nxD8j2+M3Bca5Kpv8AFGt828odvnPrzyQqodWipNrWyy+bwtyc67DYtjjSIrtwX4JotygCwlE00Qmm1W4x+4odB79/wW+/2icubfudcf5OjkdsaadslmuF1jx7q4qTyLmKldxSCpEWG9H5HHVIeZaYgw5Fntr9fc9FYDgvFbK2mdS7d+ZMcLbf778hge7eN78vLy333RTxG2cs4clXH/jC7cTf+L1svv265fnlyrndDRxve96oUmmn2bpAmXee47IplyKZFW/jrTMiGwW3ZL05IEeMHf0MHwSEwLFxL0j3n2jqMcdq7O3vgFo5xZebKq6sW698bMiRz/kZUTR6DomvJt6LNmSwkFZtSUJtcp2Up+dGLDcSbbo8FDCioBFuYtnC7XxBqF6R3HoPbWRnfROErtXP2JEd7m8vjXyzY/l1XJuOPynuZ8QIxrxI7jAUytweUKW3cGlRmX2ypwIfbcU/ILVuVBsvCrTxFmEaJ9I/gPo1rsQmhRpQ4dNufGYFvnN8V+PW/iofGvLYvxHyn5M4Ucb3jfTWwaCipVN1HehPW9x4vNfX+V8uuoO+M2BqLrZCvUMijgH0mtY1gekVvyANcKq0L5b8Y2aLC59aecWLmHJocjibPLnE+kZGYqVJTTcW3v2l1K3VfaqSa/O0INstjflujSvUM73Q9RwaHrFaTRoVugrh/wAxW5xu5c3saeJ8a4lalfJSeFcfuUP2DNpp9K02ZyQq2S3JranpYpLMicm58EjIQcClUfUOo9ZFEj3DByatd1tt1v3BLDAlzrRdrjzt/wCRHXKPoHa3KujTTkWi9FU2t6U7d48iTGfZjQ+E2Y1rW6J9I6jprWu2tdNUnrvVCjWq1rgPyJG59K5ZzaJH4RzyB5ao+nexm0JujRq2TZT1vSwue4UsK/SHeH2OK2TRo0ST/9oACAECEQECADB519tlu/ft2+5AH8vZm9b7Bv4tfHWtQxj3+Ww4P21r5DwYzZ1rXwDfzDxvZLP/AAKf5xNajn6a1rG1b+Q4XLn4n5j+Zc2/A+W87yIc6/gGDLfr2DK034XB+m/Os2eteO2VyXiYX5dt73B53lvlbFfK4RnndXWCb+HbsMH5Ea+DTp+5rf8AR/p/0re173fuQj6bDQ+gcsPdjWXPb+zurdgTOuOPhYfp2B0G8DNvgnt2sutv1r9LUdFSdmgFFSYHyPgYMHgHDx3HN3dEZmssrDVItzRE6fqKmIKGGN7+B8L8NmGfst43+ivldHjyiu7kVv0rp7fv/wBD8oxOPxQPkcHwCMjyW7cpb7XWugC6OWv7B/2ft743Uy2cR9+xN7+G99u/btjk18mcazkmo3izwsrPVowMqlk4EU+dkAQtkfUTlopsnGNoYMrFGVRlo5rhXhZ3nX8hnIpZq7uO0tQqwnYWJixyElMYL4E3uCGH+PlcWzh8aqXI41Fwh7WTrFsqUAZ2fBh/jJwIyW1WCHCwQIa+xlRgOCDkE/yGbBxattbAiJEELF0t7VsATgwDWCPB8D5EQQZuretlAqqWo0jj3cL9dSq9bNg4XAhm/eviF661FnVhZU1TV8d1lr08iy5OLZxqoizRhyJo/wAIGyda6DJVq2p/z3WFlsUVsvJoq7CE+BBD/H2X2R1nKq/XXTck4tMevronOhD9h6GNY7Ye1k5S1oi2zi8eawRqawPuAfSwK0JxyL/9P+iqLHalZrLY3519W9Lgjey3JsWItEd/10VxMdddepXWT9G8DA8LGMMtsuiVrWsMTkVtE99SNw/EQ4J+CNs4YtLa66pu1ivHtV6ng9NBg+D8x8mhV8Nbvuy1DqsEX04A67+m9e2G+xBBDV1V21Lx2Fb1WSr2Z06sJv8AjI1h4hsiFornFbLKh8SfkPocNLI0eLLZtSJxa0TXxP1OBg+jO1jK0slrO+k47jgVr8C3ftv+A+dNP3Rq1lkezSp2pqUfB8dv5u3IlVLDt37GsuiM3HpHxdpof0Nh+NTR0viV2PxOKYCPbY0P4T4E1h8NY7pa1vSmjZwud5KhSoQL9N+xFOHylKcaa32BhwP7hGy9TtSm/ClX7Ehsamp2Nv8AKuLJ2sfXab3kEYBwMNGcn+be8/qRj6GFAgOOzH+gYWN8hBFCzebJrH//2gAIAQMRAQIAz23534HgYCCr9P6f1dCvX7Cdskzc3vzqCaEWLStOtaxoq1bp63ve9+A3Yne97J8AeBAq16xv1pqrF18Bjfz1BD4QKmsa18GV69a15GB5PvWBlFVMjO/hqxNQ5E1geT5E1jQUiVL538NwtHhzqCaxvJ8jyI8qTzqGbh8722NMp8DByPGtagAUiLhpTBDkQzfbU2FA69QuttOzKwMAA1DkZI8KMGLgyqCbgwTrWtTXR0to6JWF/W9ZLzXg+NahGiNLDAOuapvAxveOhrAYItuLFTjLORGjTXgjOuvUro4XABOa/lxY9MECmKt6Vwce+tocidh51rU0V0DgwZ2JvGsA647fu/x18H/H/i/wf5f01UtxrFbwQPGtTRGp1IxrJCHxsxRRXRxU4/6urgx1rdXLq/PDeRDnex4OSAY0GajkT9Qqp4nH4s7f6f8Aa99lgPVZvkci52m8EiHwR7MGDAMKeNxrf+fevh120100U3OvKseitpY3at6xHXnUmNjU6ka9nwYQDCe03VxOP+XfjW8BLaog5V3F4ltXe3kCJxU/Hrxew5v5WxhNdesGNaE34M1hsCEdURE/H3cfiVM3Ic8Vgv8Ak6sn+ZON+nX7peP1fl6GmsMd6xrp4E66I69P1fq/V01PxXI468ur8cvJXguh1ZBGexmfutyHlzi3fmbGbGyZoL1mocrnWta8q34++1OOPyKcayt1csUaxmlkpSoXJW35kkanXp1wYPS/M44HOQW089VfiuubKmreNOPVWnIHJlT2rNY1qGDwcCD4Dz+N/J/+p+S5LNwL0cNLVli9OJGjO3Fta0+Bk4BwcLB7MHgxcdjK7OPyK37NGlitFtP5FrK7OcjeRk+jBBk+DAfCTq83ONdRYrLLIxsheuqrjW8YHmIcjG9+tADJ8HAM3BBHXCNxeTTYGecjkNyRcefwfy/7y/Irtr8HJ8aA1N73sYONYZ1tRxGRhFfjcpeSH51AFS8vg08a78pxPyFw5DzQwZqHwPWgIMGA46qgPcclmhn7Eup5B5/H4wU0Xvarfiuby662WL4MPgZOSd5bAOhCNMNYDTaWCcLli63l12ovN5Fq8W23AghEMOR60RhcNgeDDC3aaxVxf2cGW2PdxZzuZ27Y3FYtuH5a66m2ikeGDTugmzOBwreKvEsllldbx4+BHK43ve4J1wfBx2mjhYJreGmkgmkXiJYC/IsVePXzeS0swWZlbuJ2DYGd+SJsNuawYJsyxK1xwqKVtdrrXUIvKTs8adoY8/ZXYDN4Ps4MGBkRoJ1tTrohZSUsvuZlFCq/JrurvnZJ2hhVYnk/Aia1jUIgizU1XEau7X+f9YWuywvZbivDTWpRC4bGvgRubyTrQlZKPTKrBFsvsqf/AEIjryKJeO/ZiIYsUlwytNn4GaIHrUVlZ2Q0JcKmtiR6IXuFkuaFoqwrgREhh979D1uVylllUdq2Wp0dOZZYzYeAKcbm68H5jJg9GBePW1UoagJX3s5NbflrWjzeFitFBrFSiH7jwB+s1f4tLbdKm/UrGwS2+52ZyZvvqLKR5I18BD7WdaJyeQtv6zT1FvUulfMvjQkzr0hCyqbjfUQ+wcVWSrnX8n9lEtspr53NhXRT9fVobFapYJ3J+m/gj90hnRY9S1zk8zB8MGiooV2tR3t7ZPy16MqaNOogV7m5jNgh8LFZ3aLjWNeT8BDNa14BRjO9ViLyXEA0cOrVfrAYZD7gHX6DO4fBKMk/VXVLV1jWNMoVlY9u5YQDXb6CAk+DN6ErP7Ov7Y3k5aNDNaK9VVgPJyfQ8Hwcbrbuj3W786lhuBxqLCIJ/9oACAEBAgM/Av8Axhea2f2efe3+26P7S5UYV/KedP0XX3KSprpnmU7/AH8yeb5/omSe8+Sp46KHfzKTzJKpoheBRzyX0UKWxmCqrzH6E92ny00G5V46IxQ8l79FO9e6fCq+GiKrD2XCh+9hovPyVOFPloz36J/REToheIUryUiMsvvisNuffVT4+WCHJ3My7LKMVQrLaVUxtge5ScMcVq3Tix5jv+ugVnC0GWR/39+jwUx2lX8hXRB50kcdFNEz+5vDj3q7EVz71UFal3YT5j5q64948RCoN4+gQ8CD9PJYfy9yuyOB+B96j3HuWCkR39+B7Vr+UpwXnpqOYRCimWSEcc9iod3zhawzkA+SoN/+yqfv7qrxG6vjK6O8KhKy2U8VVfD9ESqRs9RIB2KikcfgoPCi/wAqxVXH7qr0cPipHFVnf9F5U8oWHAdqU/KQvvaqLLaoUKVu8tBFR300QpO/PipFK4ffxUUpX/efBU71Xh8B81JgZ/JUA2fFOccKZ7kG2Zgfoko7URx3raVym4bUepPeE52J8lG5NOMpow+aM5IjAwiN/lsRl0V7k80H33onpUTW4aIV5pG0dq1/Izu5kfcK/FEM0B6gIBRzrrzvr+hpwB0DRH5KHj+PalPX7EUBXEqKaJdTBvv0XKCrjknmrj3CPefyF3uXKvJ8P0EShnphXtVvedn1V0QrgJ2LrOxcpvQBAT9ghG1xNNjfmoj1t/Ub3ntavNCCDz9VZhhkV2iaI2Drp2S07Rpnmm2dQ6o80G6JHeFS6NnhGKmpwyGgCsesuq/qtw96IgupPio7XCGweCa7DVPl4KDBoRouvacFfs7tRfb3tTWizZN57RU8+/eGDW9I/BU4fFX6NRu1V3iVUN6zvIDSGqFOBkDPDRRE9y+9qvZqVNNFwTsT/SDrUGxNsxgr7tw7XvOUYZJzdhTLXDHZmp1x3p2RVoc+9WliaPcO9TXEqeaG4mELrQMCcver+q0QPf8AU+Suaxx9ywyTg4kCaRjEKDPWOJQCGDap+Zhbayr3yWxXjtUpyeck87kW44/eWiXRsQV0QM+2LzHHbRRohX9R/SyPtfVMdkEIjn3VfJc7BtAN+avOLRqxehFtXY+7SETRqJxRVcCU/wBlyc/YONfov3JrM0LNToGk2doCM2+5OGSL7MPz7VjTqlu9Z7VJhEDao7lMTjnokc68ITiykYmZyMqLxxGDTwxPjp3IlE4pv2E3YO9Ac0WhlXObysbR8dGpG1R2vyb9xV9hVVLVrGMAiw6Kc6U1xkidv+ygesl1zM47gmioF0qmmFIWOnXdx7Y5VkZtorj3DepYwbUx83NWEbM62iWqD6yFaPwjvVtZ1hpCLelZ+BVnscEwZE9yfazcbd8z4K7XG9nn6r8R/Htjk7QbDRfij90K7cXS4qX9y1gpChx9deim9B76jD7+S8k3vUfeIPqJUV0azuJ7Z5eya9vSs8ULdg2jHivbH9Sm0kZ6LzAq/kJUeruzu7a5MxtVb9ibjtmRT8HY5pr2bVd1mima5IweiVPPnm3ROz8heRYS04jtmFSq5Uko+juh2Ca8Uqhi1G7By9VOgEzLuE08ELoIpI9TCrzr45QdJuO8dtQr7dF1SFXmU9TcEbzHAmfU3ipUKdNFKuPe3Y49tcmVe03Tz54+ugcyOZFdi5R73e04ntssVracm/EPJiDLhdx1UGa1keXGeRaeCvmOZCpz49TqqVCCCA0h02dnh1j8O3Sy6CA4M/pNd4V8QwcnOP058qV46Y9VyjSNqNkYdRThXgrc4C6FaDpFyjaqVRkNBpFf0LGiPXh2IlCNATdigq09IcSBA3q0sauFNo/Q3lojneKOePqbqv1wagcB3qECFyNo5owxHA/oKNELf9hU0R6uNEoMTrQy7wy0GyO1pyTSJBV6g70HW1Oq0D9DffFRx9yhTX1MK+sUZhtSoq4y7mVVwQ2rjhuTXVdrE4lFgvMru/Q0neVXRHNawVqfcrPeOB+asm9Y/wBSsLWhc0oZO+KtJpHuRwc9w/ip2vG9asHL7CjRcG07Ffr1s9PJ2rxv9/6LJVe9TVHKpR6zkzBoLjtKfZ9Yp4b0bydadWOPyRIMuPdA9yjv0OOA8USZzWeBTmdIXuCv1wCD7Z5HDw/RdND2UHnVT0msPcvRnmLpbvBVg3AjjmrNuFe5A5FDRCnCuipOC26ORFxvSd5Dt+fVzok8FAUh04o2mqESrilRpyFVsxzGeiUFyRJYccW5dytfSH3sbx6RTLIS+1d3Mp4lNNGurscIKjtSNHBfuH33KNNI5g9W51EcArgw79BR0l9Ag3rRP34KSG4HIhEjWo4YrVvDEK62ZDdmcr/iHUwxccKbArtGtwojaD8V+8xQeOKZU2VWClc+BXQdm4V7iR2xCn1/fK2+GziohkY5e5NsxJhu/HuU4WgHFpCkAzM6IQCLnXW47diuNxqiTLtF5zyMKDvGKkRmrNpw5d3G6z5lH8Qlt06sQIEbkJlGLsarukfcmWjDZ3LtkW1dhCIqNazGqxwz+v6HhET1fJNadpEnwHvWttc845jbG8oHuoopWclybQNJiGiXJtlPKO1pkiFyo1KDafkiMaq/qjo5u+SbZDYAn+k/9uzz9pys/Rei285OszqgNjM6yfmxh8QrxF6zp/JC0ZetjDZ1bFnW4nFG2Mxdbg1owb9d6pB7j+hsPHwUGlVElx7vehQx0VIjM5HLiheh1HtpuPDTkKn3I4zim2kXmimaayoXVGJ8gro2AIWzuldA6M570aZjaCrMS9xiPNXjPMj9DtFSTOwfEo2lTRuQUQ0YlZASfejwjx/2Tg4dY0ivx0XTdbV3uQyz811cPkoVwE5BRU9J2PwCfafhsBPtx5BPb1T4K7V2oPM9yvi6OiNuJ0Db+gZw70MvUZx4qEXuvYJtlhjtTX9JoKa3AALqs8VGFXHEq6TLJdxzwRETPvW9Fzg3qtqfguQaTnlvKdMlytDS9CvSeeLslNLVhNBvVf0FfKyCipx5nK6rcOs5X6juGCE1lsePcidael90RbQ1GRXihYipklG0tOGA2KdBIdz/AHfoWnFXBzCdwV83BAAi9vJwarmIJAq67kB5q853AQBhUYq7DHcAfa+ugN18zgMyTgFEudj5DcE61Ic4EB+GV7hu3pgF4g3erdGvbH9uYZtNE1tbRlmRhAEtshs3zm5XIuUbIEexPVPwKvCR07zxcw6EeZmnDmbVFdiJw+9qpXV+9y4HSe1/P1N4tb7Kgcy6bra2h8GjaUA26deamcztT7OrZezMO1iN4OMblqUIkl0wJBM9yvR4j770HY9Fh/xEfI+fBG1cYkxiW63JtNIb7Vocz4KI5Rl616lnPRANScp9omgV6XkXyQ4xeaZrqtkV4+CDde8bx6Ri6B7Ld1nlHxV3c00g4Nceq4eycnLFjpu3aHHVza7e3FpUGuFpW9i1zmjpjjOt4o3jIrmoGgru93ioOOPhoOz5qeK1Sc/uURXPJB+sDVwmP3DEfHt6AoV/TycAVe7AfEqK9JxqSc/vABE9DWI6TTqnzzRtrSmUC9m3PxQvXsCcYz7kQQ1vSP8AlbmflvUNFm03RUvOxgxrvKEiAXEC6IEQ39u/eg9vKTDCCx0irfxKTuE6y5KcBjUNu3SM/wCJwOxTJbqu6zSKOnbx2qLuxwhpOz/437x1So2nG7Wr5H+mlVDmtOwnuJEbKm6aoOj9uG772K7j3KVnQoHdovYnvW9d21XaY/VNi6BIQFKD3FDgrpg9oBzY9bA08nQdM4bt5Q2EuPWOJPwCveI7mjLxQeB7TcHdYKNSIfiHCYdx37Z7k0Al1AMfkoDnHF9eCbaRImPDwQeIdUe75I+gkmr7B3T22eU7x9lCzu1HJu/5bsQJ6rv2HqnLAosIaNpDJ87J3+hynAS13SbPv2Qc1yYcS7Wj8W02bmDjhtNUX2t40vGI9kYNC2I8yFHvRCBKw36JqK/T796wyjA7FIG0Y9oXjG1ODbyu09Vhp5PCrsGjf8ggZl157sSrooJIOG0bt6Fwlv7TviYIhEDPdOP3x0cqQwcSdg5mqawcicKmK7jgULA8m9v/ALdxLYx5J+bJ9k5K6Lj9YUuPmt0VbPDCUXeGeID/AH4UUlrcm6xH7jRv+Ueej7++9U0SonRvwUZ6QSqLW2qT5KOy55kLVM4wrxn1Utjer33sV2ScFyl57sX4ftai1XqcPKhXKuLhS5QEUJdn3BOiHRIzGe/dope9uvy8o5geINQUHC6QIOX35I2WreJA6M4j6ZjYoilNnvU7jtRbjlooqd2gwtyE7FITXY0PDRNVOAU8VJC1j2hVAq76nUP8ldLqTNfFctjgMBv2lGzPv+a5Vv7vkrtLps72M6pITm9F0YNYyjrxpecdgWIV513veN31NOE8+Te8O7BHRPu0QUMsxgo0YKNAzKrtUCi7h9/RAZkKu3NVr1lB7QyRenKOfqd6kn+n3I5IO6Sa2bw1QKpwE3Q691D7OwHEFNYKNunf0vFXQ52yjf5HNcm3fiedIj2qeNEPHv036bURRTx5p0ZeKu7UDlHu4oYYj7r8l/VBjjsXnh3qp+8FJ7QjReV5BqlEcyQwbaqb3FY7jo5V0dVlTvOWiMVes5zbreCvBRopzIX3iqaKTsjwd9ffpptVdOKqFMk1QQWKpOY+GHal3QXJrVPMJpMAK60XU49Yick9vX/xIk3XCD79F5EMcrrQ1ovuAyVtUm62kxirVov4j4K+J5viat/lmO9TXb7wY0arv4ny0Tgg3GsDBRXTeRnCgUaBwRb2rI58rgic8Nicw4lA0eO/JEdHiNypHitncmtF61JduTcGM8FTXcGzRF41Xah3ZDYrojm3lPfU8cD7tENP7oHxPkFK+9midHcst+KrzI7WE153+b3BQg1coQMNF5lcverxr/ugHs2SEOk8wEBq2DO8qda0MlRz6d3vUd22ivnhgru/TClSVdCkkqdJR7ayzzQmmGA+aqoBRbBPhsnRCu12QULSIx9yvuBe4qHlpxHqLjd5ho4n5CSjkGjvJ+SccSTsGQ7leU6KqVCGiCo+PMGiO2iejqjapLb+R7lA2zUQnONFd45lXqD/ABZlbFBUW/GviNE869a3R0bOn9Rx+ShXld5s00Xh5foHIIUB6Lcd6utOV7ot+KgItNKQJK5c5hg81JgIDiFJPGFNt/FvMuiXGN6a/BwOjk2ufjcE8Tl5wvPPiqaMtOSAWwJxEYLujFRVTio7bnTKOMV2bFeLicl5BXyG7dY/BS0jMTI2KCpZOawnirznvrExxX+yjGnwV6jKx4AbXHYuUd7Q6zjsGwdUK8XWkReo3gNF2zAze7yb9YWr36Qq6fNEDCNEcSsdE6INe1OUOIbGJOA+Pkg7KYqZECAJ/kfJQ6l3AdDo/wC+3RKg8zwQGsFIPcta0I4DuX47v2tg7yi4wMVSPFYAdb3BNs9qe7oM/qcnOg2roGTfoqXRQKGuMTT6V+SutAOxBtTQAVOxG2cXYDADYBh9d61P6vhpMo/PRKlUUKNEntYvMD6DeUQ8tEkMi+6JjfSt1Ehr7723KNtL5trMf1DXZ3hFwdPRcSWum8GOnC+KQ4bY0QNF7ii3FBBAr74IWLrSdhLe/BQP3PlyipxV1G2dq/QDemsqTMZn/S1bu8/JWloZrxK3k8MO9xXRHtkE/wAWV8zoryQ/r45Du9+jVaN5JV9BgxUo7EdkaZ0UUKNMjtMgR558E9tYv3c6yP6mkFWL3Xibj9pPJu/+xgLD/W3vTA4WmB20syf8ANlaT3b0+zPKXYa8zSsbJ0kHCaBBwg0QjomNuAKacsMgmmer7laMr0huqg6DsI8EQcaESFDbzskbcxNDkuTbAgJzzt+CDFfG7b9FgOlOGV7dw2lRUmXHHZwG4LkGU6TuiPj3e9TowCpA0XUfFFTojnBTh2nfP0Jr3SmM1X3oIIcG4z0WtM0I6y9Gs9W09ILLT+BDfPHxXpHo7psX41bkHyS3B1Jpgar/AImzLLRtx4bsgQTGB3p1k9zRhj46HbYiED1bzu/3BOfXu4Kc4Vo394Qy1XeyaJtqMAHeC1Gz1XEKkI3g4YDErlHIWYUi90W7TnwGac83QIP/AOBtdv2NQs95OLjifvYhZgudQD78Ubdxce4bBsQd1gOKDN/DBaxWSDeK8+aDoojOnU8e1HA6sg5RirRgmsOzjbvhMe4B+JLYnc4QGk0bvJQvUh+uy+QDNXveIYRU/uCulu7kr1aaotH3b20mKIvuvDTF1rX7j0gPAoPvEmGjJDOYJOB8E64H4lvS4fRCN1YW5BDbeWRxGHBQ8jaA4IHWdXdoFngsZ1t3tOOA4Jzbuds/PKzbuG7LehZiB37Sdp3qPvBcu6nQbhv36I0dyjRNE0ZoKNACnRDjpoUG9pyaI1oZjWAaGvcN9k7VfxbVNtBLMZjVkgfzYfxGf5grf0bq8q2sESYuy2WuxESrO1i64y3q4GG2REBnRdXPFNtGPYaBzLA7OpAj90hci666TIlhGDlMXiGZjanSSwG62n1Kbi3UJxES36Is6/hVOPWJH7Qvtzrp8AiyoELWEmbzcTtU7IC2KcDre7edgQJvnoWYofadm75I1c7pPx3bB3KKmg2rltVtGebuO7YOZTRloLYlCvkjtRU0V3RKkzpgdqQmvF1+rPE2fh0mHezwTCBaHqVEm8dX2bVsOnY17UfRnufM3gAGHWLWCtS2BeJKtf8A1K0c9jA3MkUDe/7Kt2wy3/Esbdom1Em60CnCN4Tg11m4zdHKWTxgRtB31TbQVhrtsUO1SRjSbvAJ1ZbnNI+4RMHVuk6taN3cCoqXOnICkrrO8MT3pga6aXvM5CFDQx+oeqT804Ysd4I7CPBvmSr+V8eyKNP8nnHuUmX5YNHRCbZCXH5nh80633N9n57Tz4REGFex0eSkK7ziTuzUGO1hiD3TF7eHRdFcA6CmttAHg3QdYYFMLLMWb2mzZyV4N2zi7PZMo2biGk3S+yuiZuyX0/jKbas1Yszc/om2oeEOGO9OsHXHtuuDTG/v2b1AAMGaSMoxhG0ugAiM8zK9s03aqgDk6ya+0n+j3dab3UOSgh9prvPQZs4fNSDegl2Py4BMedUQ3N0mu5qa1zYaMDvwjavvBAUs9Y+11Rw296LzLjJOZ9Rmic1iqrMq6N6lSdNVtU4KVHat2/WsgEnWa4GrS9vWkdG6BCbadJ1z9ztd1QD02jWOxnSVr6M8XHa2WTv6mnCdhVpZFo9Ja5kXYc1oAIaZgjAj+JTS0Os4tLPkyKHbaB0dwlMezWN0stYaf5Y+Ve5cnMjWvFvfu4q1HVbHGqYcfNco/wDDJa3M/JCzOpr2h6zq3eKu1L9Y9J+4ZDYhaas3WZn2t3BDI4d0BNZ0dc/5fHPuT7bpHuy8PVYjaq6ADtpolSq1wQxCy0T6uvZpZ8+sOByTX0A8pywue1/3Ez0erocwOviDfHKNiLtoRLyRN7IJj7MsguEk2bSaWUnOlTsAorT0d0sdG3YeIQ9OsiHEWdoxznzeoS4YQa18kbXVioiR7Jhcg3WJcUIlwm9Xgi83LPvds4JjbN1CGnEnpORtYGAwa35oWQvE3dm1/wDHd+5PtqYN9kfHb6yk7FKIjeFeEHu5kj2QPNBtFI5tdE6J5kLPs3lH3b10wYOFVaWU3/xA0lsgzEHMdVTRNBby1zMObUFs9FwI6R8QrO2aWvbeu3daBygA2wrlbFxqOM7wfgU2zqTeI27U62/Yz/MfkuTbVl2sNaKlxR6T8ch1WfM7/BCyabR3BrfcO/Ep1obzjJ9b5rasEFOmQFIlQicERj6idJKOfZutSi1n1bN601sh+K2h9unVTbUOc0cmdb+DgH3OLK4AyF6R6JFnaWfKNBhszI2hjx9VZ28XDr4FrnBloI3mjkaYtJvftdOPBC2m8xtq4CQKNcCR75V1sklxNA39wxvZ4q8S93SwG5Bco66OizzOZ9eFJ5lV4KM0CoWfMgc0vRKDVHZxcfxTkYdElri4Eu/lvUsvNk2YvFtdTpgzaO6z56qLpa8B1nrRLYL6yf2tjKqsL7zPKewRi7+TtgyMSVa2ED/mMaZuvrHA4hWVvRzuT3PEt3w4e4hcs42kXTd19l6YkfyEJzqTdAqTxX/DtvRftHHVnacB3K09FDW2jACah4rO7ZT8pdRKkDai7BYg83cp3KN6vZQpQao7RfyjGtddl4xq2d7UXejhjbwu61wOlrt+3uXKHc2Kbaq6665kQersPj4rlZDhyItOSLR06G/31hSBdu5Ti2hEg596tABcdZgi64VzIkZVVpaGW05MTjEbT8kPTbN1hb693AnYd/tDJD0YvZjEOa7ODkfyM8yPhoqdE6I01U1KjtP8az6XTHR6XcgWvuhkCCbh1ejgXnrJvpjrzSbO0dGI1X6syI96tPRXx6RZvLaQelFcsjOEKyviXXY5HpMcw6rnXtuRCsNX8VogWU1irS6cf2lWJLfxGCtl1h1A4I2shmvrY8JTw2Xt5OYiM8awjagMtDLm6rXbWHFrv9J/IzpovJArbzJQ0awzUDtW7AtBh1244RrNwd7017WEPLmNFjNzHVd1jkK9GFDXXtYRafwpaw0AJrqcsbK/LQLU3sDk46wE8UA7k3NaIuFzwb+q5wEt8aqzY2zv2dneabMGQJP4r2O+CuhjaDVsxRoz5QGT/SEbSzYNjgeEtzQsxfcQC/Vq29cY+l6P3GAPFFji04gkHu/IweZXTsU5poxQy0Xj2u6yMtcWncnekWTbzoNpZtExm/0ggn/Kja4Fsi/WY/69xekWDSzkrNwqJzMWgGII6y9LyswNYibs/wDVnM+3nCtfRDyls0vjohxgB0zqgTvQ9J/Efq2dlWJwdseOs49UCm1clZk0No83m1vltIvuymOi0YYqfyk6Y0zolXB2wLDVeCQHMLSKwGOvRwJVgQdcgmRF052/Ke5MeXXCXzf6pjWtg/yCtvSKNdDalkB0vrOseruCtr+sxzm5k7DnjkuTLW0FOiKxvJ2n8lXTCrRSqKukhSr5lRz/AP/aAAgBAhIDPwL/AMYVUCi3syuiezKLD1QQ7EhSOzJ0R6+Ozp/u3T/cSj+wyezo/TM/27//2gAIAQMSAz8C/v2U/T9ezY/OSjzo0U7FgIjeg71EaD2FI4KVdP5Cn5yCsfVnnYfnZClXSq+uw/Ox+Rn89CHr7vZx7OnsiNI5g7J3Ldo3aAOy4U6Z7HOiObTsXPTGnLsqNMD+55PPj9Nwp7JnmT+mYU/27f/aAAgBAQMDPyH/AMUf/OKP/h1/zj/rr/nl/wA2xemJ264hAeQcQ81H/wA1lAURd/OU1JHZ3FH44/Ad75j7/wDOA5HcfiDe/T9vF68FOZof+ZXQ6TaXcXix+Cvrw08Uf9BmI/01sXxUYc08uviVfzgAbkX58LjL4IDgNOBmR9OOOcXC/wCL1zw04XysG3wxdo+/iNfw+X119C4Oo0MMqIiNK7qE7hXaMcAfufxEQcq4j11gskgB3ATlenBTrXmT9TEzyrhanT8py+f5FW0HXlBgTB+NDNNovEb/AKqvaUwganqWiA8/QBMnb7xj5F1H6YmvbptKndGFuZdzE+kQ+aylEdZStD+JfzWEgRkfF3EDRpCOUNHy9tIBKWHpmKt7IauEgdlATkHMGiO1LvCcM++8SOjB4jf9Jxer24nPIT5IfuMDZn9w2BoJ6jzsegi5Afz7RjygIjRjW9M6QgNQb9Tt3UXJhGDyP3+dobKmD5EKIokLJmwWvgjFYAAdw/zEew9YXBVSOfLtnnFV2d5so87X7jIey3ksHrpKGrklm73VlR38MQ3QGdiK+bOU5BD38Rs/0GDuOFwEYsAe0cUR5EWJQddeehhfzpPM8mMg4IfdiMNmOzz6wslZAF+XvAy6GmQy/QDAwdA6bvZ5Sh0y6iS9cqGQI4FEc+i4KKd3q8DoKmASLzooP15R6YeoAeggESADe5rSqMPsEK47EPUQAqrAL1RsEcwCO0EjQFJq5HI5CEeYJY2lldEYN68/EkXX+RxcaauvOd1Ax4R6zyIJHf8Aya/Pm8YYn7iXSADVI+7XU4gGyx5SiHqezFdoCexi1EJHyAkc4Llkw7ktKysG49kkc41vQDNTIEqOda2wBEKzWTnMhDUfN/krpKUGQwOnRR9VACAOryGuzMvjZOwJGlrbpGfIA6LB9IbjQJ+14f2Chs8gysB7kAHaa6nUc88Le3jhLmOLQ14rtGzpfrwYG4L7azRZbyGfzUAAOgj0o+7iPXPaOvKIx0iHcfiAs745TPMgQBAWA96Fh7PBhPXk2gJr3lR1VuD1Ra8oQYOo+GIQQ7C2If5LQn9kUhofrbq8phWAL7HdRPl77+6KUeZY73+BCDkvKsn29pp2PqGYuiIdFPSIDzPiWP4rGs9IyBvEQdi4iev0qdhdbvI+aRFm1c2/QiIHUhPnW8UzrpPIjz/w5iAHpKG5vX1r1iI5ZW07QMsFY9tRCQcnf49Yjo8gjbwPnk+bj03T2t539p5BdyXli9IS24Lma9BcKBr92vU9oyHBQLYfZ94CQeYjyol6tLtrymp8vE30fxek571LG6+3B/VhzCPOJbhrbcP15QEiESee/wDkJIAM2HeJgg/NRHWeXz0hPlbqUBTnaOxov1GAKPQ+e0A07zJ9uWsszyMJt8RixYRQalUPJkTSqHRGh7j0BNQ4CixvS/m9wkuQX1BBVNO2jvlmUxWrsZI7SlaRbda8okAkaHO+3iji/jX1uHJxvDwc9xBs9n60hQSiWwg9rR7Q8waSqHniegr0g2XoPX9zFjkEflBqpymZ7JmeagiIKcqcMSme8KCUgI/wqlDUJmmgAC97mSY0ArzawtkGALf4gQi56+eYD0569YBQxOcA/E0ORnt4oi/nB4ZGk7DnmDc3qzEUNNV+LnKT11cyDCdHPbHb2jsBXKvLf2gOfb44tJjjnWOektQPzb8yxAHpBoX01KWAH5e3imD/AEUiUFrnvueQhtYxp558p28/noIHr5/fnGL+CeiEcPnKo/oXCvgnwzPAEPi4v3dz4o+j+JcFcdx5hOJrXJ89IRGL8v3DM9zbnsOkwe1axXK8Cz7Ow94ICAtIH35c4Sj0g72H0lqeUfznFc0/iQgAk0LEzn5XQPFH3iP8GIAznpCTiYhOi+aQmjMANiRjaHyPsWIJ5qhbKOnyc4AgpebgK6D6Y947icuhAwOg1jUXm2dMaDveZkO6BXU/qPTyG++R7K4BABKPSAI7RcFxr6AHMitD2jL28V83Eb8Ayz6ecLT1MECyQFs3y4405hsdpnIOwGwfzO89pTof2YBajrTTznL5iLlCqipjJ6owKAQ2+ax4hCn+zygdg1E0liPb1MNbSUaqqOUL6mAVosdPlQmpyHnecKLb5kwQGDvBvw8sQcHwAskBDooTLOiBMaQ1QUHiuDtGY1hzkuiDK88ZdfwjL0jz2hEeEIdeYI/XeExDcNgF80ZZqcofbpHLQuU00Pb/AGJf5jgrhUNrmH5vsIHYQ9Ggdhrm59y0av7QwuSXnP6nMaAMP8DnC+mhqxeNGz1OvKAAIeefSfPOCZIJ+V87waqPtod1sFcudQFRDU3XIaxmixr9mdN0LhyIzj/L7Q+ayP8AvrnlAem5BfqCgRqr3O/lt+INXIdB+3HQ3O5gKXZ83jxtx+fOe6axi2B+fFnOQBk7CE7ckJYB5HzlJrUdft2igGKTbQwMo7ywkh8KAkxYy16wsRYWWc84nX4ozzg+dVL+frgBg6io3LMswLPobhFDR3oH+zUpgP00wNKjAEMfcV0iIyIE3HfPpAYy+gAbB6dbOZlI3uMw7F89rMIpTagxnnXqYnqtyK1xWDm4AVoaDj2H2gxv0o+ldoaPUhrroO8NXTHT8zmP47ygEufwQ4wB0s+k3W7bpCiNprr/AJAWJvhrt4uBOpw6AfmGpzwJPCwdoBdTIkGx+H1md3SFQKmqxxRfaeYuMvtADNDz5QDxPX33NIdZgMo0OzPkZTDSBSD8xCfAoFkrkh885QEnD/EcDN8x6/7Awxvpj5uIaDcL8I+sZ+0L7kb1LieTqdEIYTc8D0/c1BYs/wCQ1ZhvpB8uJiCKHZVdWP5gsTzhTzdj4sJ4PaN5ywmHCPCkJVRgizZAIgMOsRMxOjnrFAc/hzFkNjSWrHNmAg5OYB0dWvXgRoxCKEbZ7E11CE5DoAPJ/eBoPIPzPxjMoGNtIDoPnLhv6wmHEQUUEcX94GVD8+1xcB58AO5MEBZFcsS56CPeMtvE9o+K3smc0AxF3RR3ECBVBW8YFRjMLS+GDCwOV9jwTn7TzxCidy1+UAAkBXYRznvHFac+ZihHz5+YRDOpi0zviAWei8yvSBAzNAu3Mcv9jwv4IvoDAaquoxHcqIHN4xaWZzGhiTSnechiJA3qPOIAvvLAEOCM4Y5GXwXLguPxTltpwkqHOREggvI23hEb4cuR1gC+oH7mLZLVBBUyTQOUE7HIXyO9Q1rE/ouZiJHfz4MnPwfi1w6rvidIfwgVoAB6RJq0o2gA5w4I9xw/MV/BaiXD7TWek/E9YD+67x1FhQIoGEW1geo10jjAA1oi36kO8GCAEPnt0j6odM5QreoVWhL21Ho+wEQXT0iEf0CjEcblz0lRk397go/FdYbN3hFPyIcNAoVNQEArsPuICWABwazS7xFz4I8o+XSO4lc8/eXFPmIvofOoG9T6awc3+wX7+ii0UXzedOK4sTPzMUD09IyTuSeC8X5ee6AfDtCJGgqkdQLUpmN0iN94f1QZkNZcURJ+VGBF8cU8g+ioaDGXT9bTv/B87fR1hjiEYYIfWBlHR8ZJMaRplAUp4MyI66RokIlqOUAMle3HHzrKfzPDrEcdvn+S/bvFwIS8CVQ7AZ/1CGNYNdX68P8AZff6bgCOHxcY6x4a6bf3HjRMGAW8ZFQgnUJJfnx3n4+0qMPbixxxC0WjlzAe8xw+dOKPBAnaN4g7pb4AlAWK1nLoOj8aKDgwADAUDBpBC+vFEfErlDtM84Q+OUJ9I/ij4eScfDB+p53j4K5RxQaRiACRQAknpP0IE143REFsSAKxoZkL7kBhwaZ+i2jCeSJS1M/Mxcph/OXeai5h/wCz51ns7cHwqduLiYaEPiFmbpqQPMCbXOBKZGnB5PufHRiSIAGAmRzju9oSng2QJFJEvXP1KAQQfhmWe/zvCQeQrGuIwjkevwxN8SjzwH08rLvEsmNTgxaEtgcPZyM9zPuAzSSPUwl2F1cegQQdEn/hTBxoPtMvP87YmjVEc4x5X1nd+WJXzaElJDnFxf1YjDIEBAMaCV6wgiBeWKuvvL1Y1gRtvymhwBpQgbHWAdf+DojuOCXWBEjYr1iFjV/vzhfceqjCvE+aicgeeblxdIVQaV10z7xAiSx9P4lXS7z7fuNwJ5+QyYW5IHU9ICvYnnoPzBUCENEEIg69YNtfZO3/AARNjI4IN/igBARavFCZq6feEHl77zDX8zzEFD55zvHPx9HSA5wfnWN2PIQjCJBxrdwk/wBGB64G72E8haXXeHEtDUbDuH7S9vt1j4hq5coSNQdc/fx9/TZ6Rl73XSMZxXx0Et3L42HrKHke20FC6xnO0Zb5cr1n24Yi4b188oxevn3gyN2Ousyw/nkISZ9ITGEyScchtCMCBQGAMK3VPrCLabTmPIQhY0WamFMAWdfY+PL6R3gIW1j7xepPaOOMpMSf5t+Jp/k8yHee2k+bxcEAfZDrkqah0w+gfeHeDYgPJiAG1kUR0MOzrQFB50fWCTGCdz6LjYK6IPrkwEwNIhHmihyMNBE0uUCVMIZjdAWo8Nu20QgUT0LDpbxlfTr9FxWK2g6ME+kziMaAP2z7QgDRwYI2vvXtNysWO+Jpt20nIgAHQA5qMFHqI6As655QtH7ckpkiU6uwCfepQ7k2B2xDO4ha1iSAFWXB7fsICIegBzyP1ikfhjEInvFPTMcFib/W0tQvJEoS3y7iHB7kwgE25C/F3F9DjildK45enDvCeW0VH516w64lEvt1cIFUhtBW/t8EBMajfX45i6vtpEeWFMemYAa/dYS23SHrLutEmNZ0F91MEC0MAEHx9pkXZ+OCuNffVuFUY3G3SAirClhVne16+PEQQ+C0lmEXmIfFcrXz23nwXHjCh9u0NN/vERrYX70qAGwNjmdT2gzLbuXjp0gNKhQ6fMw1qGSJiKguWeZjUh7E/uAQtB6bRSo6CWwzBglqK/YdDNcb7QNYrTWBrGAjNBLb7LyqhQEMOodO0fA4uDVXchGuqR2BZHtCSNEZ8TZmogd3NoxkO8H+kEHkbjHHYAOqvgRrN4UGkUBgEHOKd5R565I+CEqiM/mMFUyYVC+6HmYRvfy4jIkswuXeaSSIHwQ6wiEcqvkIYNms2+o5v9gIMvTPBeCHpzlS2h57jkcjyjKntMbOFzaNyETXHIhIRoSddnAgLAAGgxpjAGs0hgxOZYCG+SA5ZHUmxxGNR9Rc914mvpOFQWAW4/gc2/EJxcWi7cRWb+dYRjUzbe/6jtq32HZQvrCxzCBC2VbWdoVQ6LsnqJ7GKfhBuJUADTEAGsGj0gDOoB2N4KC1EnU7mLJSQBX2mAcetQc0TILKdGBHDZA1y3eg5wSwKTB5Bd/EIiiVUEJByOYAaomh3oJWhMN00FTxsLNHWHBAUccto81mLP8Awy3+4UhgNDo3+3OBkhArNMhDB3I6x2GfzBubhRjSkBZIA4fljtFSwgDz/CmsEC+puKKDZWB940YFZCT1+0arOYfjnDAkw3+34hMhI6DqPvMAAQfp/vmY4Evw0BvFAtA3IeGdIYNX2L0AoGfIvqIFFGSjPRBZmkmolNcjvQj5Wyq+GYRhYPIIO466+P6/WdJNtukfo4zITRWRkHrvFaEghOeo9tIwzoVqc8/URAXSwZbNuXlKEVgtCy3LTPFOkD3TcwASY2JO2grTnFnG8mr/ADCMIJG9HYqMs1Cu+epNQWUOyHww+miaTf7bQwVGOCfvHuABoroI1hMW5Q2HBTeZeUdksnxtxZ4qvqVgM+0CShVvD8ukPgsLX5PfMUJ2dLpdTAQLxgW4swCiSWLBTFHXk2hwtrba6dG+kWYi+T2Dc/YRbDVZDKIU+wfG0GAjF5F9h1MIHfOT7AEGmBEg+DyYSx6ZCEAQEGpPYAv0gC0E1W7n7CA6qDu7RcwdfoI8QGn8ZAw+RuAD5EbYQK2Ov1KC3VGAmjrZcwMSuphhGwQWRLGODZXsIuh3F+cCgI2GnzPnCbLwdvIbmAdWstH3JiRg4IKm+5WIFpVdr7P2iNM5TPMzo+8B3LHcx2GTGOElrQk5MpI5fnMLBZWckyuLfB1vBAByohsK5GAmgmTgBvAywyunh6vPKP8AjJ+sq01MSCzopWz2cFFC5UHYAyBzhDbFxtoyecpIuAOoLIbTBK4Kz1UnDV9w6HfqM9YBQstITYyzqeQ6CXMD3GYafDEfmYUAoBE6M/eXFwp/McLHWbHIA8zNoRnxl5l+/wDChMAW6Zj4hLPQz5wk13SuQ7vJHaEgApiAHrBLI6DQcoLpICCyUThsoaDklQY5ILVHSKzQDJLwtYGhKRiwh1TsUGetwCunU+DacNJ29g6tGuO0eI2A7uGl1W8vpFYmYB6tVlpVFyNg3x5BJWoCiQgSsgZvZiaZNgJKdJtj2O3AgLmDHsjANTxCc19hAJaGDn7u+ZWQbg/DEY4jTHzTPhz+sTEBZ2fwObBYmXRyuBANVh/B6DJj6AI7qL2F7a7QhIArQrvIBrY1WDCALIGRwDABIUgtNpaQ0RyCqzdQxPNnRgagncNimwcDqB9EnbGMIc6JIACErJWSMLswXpBZaLYAvbgTCDAQdjoPoAd5NgTQDzsk0LcW61gqsIEZd3fUA5gxoIIAiaCBBYIIGQDsl4B4nUmwe5t4OlQC3OfnSFhCFZvqaEDRI26pyDHlEABpNhnkd9CcOaLHM6fj45dABmoqVzfmE4RCjpXuIr0ilICy5QQDLLUKO5hyPhqj4uL6KH1ueZMzkmGmj4KICKhsfgG2sJEnuEKg9h9gpgt2kcgnlNRhQMwtYANWyNDmAQk6yC02QXeoRlaTlGia5OE20fBwBN+tDp628yow6lgBDpsGrbgDhkIUOBWgA2ozuGIgeQLAAMGwZSWvFgJhgfVcMJKDfLgIiyQcNkL2CZHtnNdZEADJQsEFCJkIWS8mxF0M1sjIIUJ1Ng/q84ZWICo3sr9dICLAz89ucQoDCN9TqKGkwDmVA9YAx6fP1DlYtL2ZH3gCKA43B9fxASUQ1ckQIg283tAZE3pO9do8mh5s3XQle8MpMQCB1+dOcJsg8PUqkd+Y+hD69Y6iFwUqpLbA7HsNYTIo+vlp6EumXbmwT1FfeMCRi6LuD9jUQocRlIsktLEAWroxEpZEi+WzpodIQFGyshkBnZuGLawSdTtgDe4iltMnyFvsqYSYE27KMaJO1BukCKZsYMc6p6B0kgR415TXodxfE6gBODuBFcaCYADooK84GogJsGEB1hdDHQJ83CCSD5dP0cczCOKNnrqJmtPnr+p8UYJz8MYv5mUIpUP6+WYRjIdaXn9baQDQHTP6mB+wzTPz1/OJXUEdYUCNpJnk6QF73ZjwxfQQDkl5w61aKEm0i+tmIHpBQ6tdpY4LqNxzE+p5RnNTa8rhZZGihotNlQ2yvAGUDgt5FfiZZhA5QPXKxVhB7MfPvAfEgEeSx1K7fQSsDIWGAADVyNjC2D4qkzasxc9xCc7USBWRalOYMQjbNmjJkG6D8lFxVqcwMLVh93lBqNvSAAsIqvTMI6rT5d94gwalWaGKvvfzWf6LUfiEvSvUaREvQQTYx5iCzI/MwbkQYbXaWEjvvNNalZZhUE4I2/PrDf2csRiNivC/Jw14EwRkEEdYCAjhS1jNx/iBC3Acjp6xA84PWhgElALhxChrRy3MKiaw+sYXYBjnoJhA9TBkCM4bYJ6RtoQZVaNXLG0RWnPTPtLYkj2mJRngQLUDQhg/aHkBKiFYxhGyGIKkwiG008kCmWlUYDAAKEBgL7jnW72gvzDuJ1O/4xCpH6vuoFtym6n86faIz5okli+XR/jlGYztA7sCxtLBg6ywfZSo/wCfPeCDL5g1jAUGR5jEGyBZr5XKBiTk9fmkLnLevIXKA09Z5niGBKEAwf4bIncb1EzjE6hrLGoqb6imtsCKjsOvJAoLAgGmbLa4iEBgtKA5PKzEpCjBOsCtZ2Cn85QAHBGqWkPQ7zU4a/R80hSGSbbCP2fWINSh3VnplqLSVNPV6gazQ6r3gccEX+dpqwOTyA9YCwdD8+VAiCJ+2OkJdvjhOiJyq2/EowPGEe+kRVlj5+oEhS9deefOXkES1V37Q58xtziV5WbfOA6DG+kYNivEEGzCQA1GR+pXtPOXvERoYPZfkXAgBYwdoAgH9Cuc5mRdWCaGY8Qmci3ez8RRleflTlFBsizUkgZO8vfaBr6HYJfbMfImDjFhZTIQPr31iAWQj5GwOcVdugOhPnABKjR7EYPzQkS1keR5g4R0My0V5+fklLe6Ghr4+mHc3rn1gvqNYgLIo+/nG3AyD9pgX+/P8zGTwI22bufsyvOEoCNP4eUs+6TknycuiE5yyByBvuyoAQAXbaqBEcoAPQY65HvGHc+IO4FQHeJAW0Bm4Yy8XZPac9E+Qf6l+9ewlpu+Yl0Hqdx05RKXAhwLBbCYhEMwAb1e0IAyjqzMSaw65394MM6cT4P0I6ie3mroEajnpHSOKsAQ8eh8o6YS8tFvL7leUxDWPeBHa42hJ6mM4NB/Od1ByDg84GCGmJ87xdz3+Zgpq6+e0RKYB8ziMQaDN+8OwrvaLbHT58UDUsEZG4gDhlJO59DPzQk5fiTg0OZAzwA85tXFQ4JABtUOogPqTBEuZBXlKLLZ8UBpVHTZ+uDVgUO2syV0Buwioxw4rVAZOOsVPBcgBviAEjFqgYAQa04ngiqBGY6nYQ+oMsFNjZwxudYvMDG5vyj6j2BBd1AwVqhrrymCYPnp8u+kSyE1WcDf7ecsbuh8zPI6/PKEkDRsxiRkEd/naar0GecoNdTDW0Lq1yJZRBwQXEDsfvEfqXhi4DMQhJ2iHBXPQ+jh2kCG5zbuBECJATsEd4UBAmkFuo++JQlkF3bQ5Ede28LpRpt4MQDAlDpvPQAgA7xVMOau/wCPWHhlZaFlbr9oBaBBHFFMDqvPQ9QcRXT5BsSdy3efAYvrR5QGHn5UIx893Uy8D55nWG1dPKOLJTzPSACl2bb58UZef4lcyaHB1CCjjv6HFmPw1QGdB4RvTOkJ7xx8P3KvmW1A9Y3WAaoCxCpIMkvVAkLYes0NjRbwssiRFgCoEmg7G7SfGTEfZ4BOksBJ0vVfcwlkeMgfSfCx1Epq28xMAMkAagIeZ9s8pRaoBzaZPM+gQjB5Ejy8vaEnGTHzcGUEKR7QsPcX+fmIayi9qhIngoUKFXHSuLMEQPirAAXy2+awtQB1FnuNwG2BBz1Ld4hCtDzIVnXZRsc5QaX+oaMkUdzBIzEg57R1W3QPMotgrkYPoXBrlGHV9Qn1TRRMLWjHRCa1cQSIf2MAh784hL1UZjaor1qAWgCalCL1gIhI8F37f5DlrltHHAKjfQyJ/nitEDud/wBR9MSggHVqZoneIjBYgEdDUPMVNM4oy1tLTjt1g0oOS7A6S6L7zQyHLelzDp+ZhtwwccFwOlJIjGt7BdpmqtvnzlBQc7+FfeCgomzpH8+1R/n5zm3xSoKsbxI/4oDLc+SoCDUTWDxvgo83OUtx2MjxRz9CIGw484HUDLaqBrRtwBb9qE3NpdgjEOgjMgA9U5fFBSC0IF5ffvU6oAieaPIfuPA7mp06wlpecAgeZQ+ecdU8/sYNxBiBE2KHucIkksle42J7lzyV5/FBggjrGOR/PWIoyukwXabtxxIIW2OkNhI37KEPjMww1h6NJ24sRRcV4jrPx4V5zNM8oAdgNI+pe3nHhkKGpgfJnvGT2tlafm8YUccZIGuxEs7940tBB7Sy3dnWAYlAjecDlvCWyhs+5gfQzp5o6gdiT8xYDJlOBkKywkYiLGTqZrApwNba+UL3mwg99k+cO0Ck7x5AEe80PQe8Hl8+GfZ7KUeDYOxj7xEcjGQshR2ImsN4Us4hC/8ACA8kv7TUICPYwq0cX9D8NqVsWQBrQHLABGOBQ1JmUd1NhN4A4cwW0+GvBTylRwTACCNSXL5CDM3vdKw8+Ub3Iec0Aoctl7iMg373O8CyPYZi1WWR9YQDkSs98+dQbaegvb51gHUM0PoKc3XmInsf3gpgJaAAHXcnrMwMgCUzQ6ldIHC+MAD2GIAkYHYDX7AboQs7j0TrruIxXmJVMmFAB5EOvKJD2SwNgRjScsc7eXlDkd+AvnvFzEBLHG/EKdzJoOpNANTMPKCFgym6yucDrawIEUnvYEIIVFnd3ygoBT1haRBB9YtDRxMcvWED0HziiDFODh8/jnNNQ3vpF1qo+7Ay90N4JYABqqZi5iVaRCUKGdu0cFoJnC1LcnQOUotHrtb215wnFuqR2V7xh8fnvgIQ45hVT4ApT8KBq7up8oo26CPqe6PNyjHOfCFAe0OM3jYD7zJd/nSYBt/n5moklT58qY7zaAFWh9ol8NR6IRw78K8RIBB+R9mphQfPCI8YiOpI5S/Mty3kDyDzhOQdZLsXcKaFCzZQYX4EAAHppscSh83jNbF9XClsL5Q5ib6QwJIBQfzHzrCAgRvH9y5Wb41/MQAAKyCpzCyPaEMmIic6x2jYNJBIqAtiMrW15wUgBMe0Ah6IAofOcoBtToG5PfE5h1euIEY0ESDWoD0cAQCxCLYFNu0A5wvrqFABgemlubMDrOG0demBJmybZ1fAkkyfhis0F+ZgJkwghp93KblXaE0SCM84R3cQSUotIukpSlF0PpKCt6QLOkFYAil/UvCioZVZOgISvy3hqJMCNIkAKIbnlMGz7QEj7LaQEAIBNEIFC0sQRWWQJkKHQxGIJ6IS8AXk6ZUJvLfnLaEkd1UEyJAGSUA6glBJJsAOBKaXm+3tKQQLT8SwYd5HNaHtCiN51dYUDfmQBhodm+cvFmx0mmSQcwYf6SBZhYRcegyF0iKQ7vZ5rQvtBFPdDrHQbBQh4TZOvIAakaA+0qt1oDx8ZLmoeQ/ZxbLHDA/HW4SY7VylFwDvOZAECjt6RE8/WJEfHAncOGxPKaoZBr1msRhJZzBijJ8RAfepDdrg6g5GBBwNyL7uEMkWRMlsoYbsBBC40ExhGZksTonPlqBekWCT54fvzAHloVgjUKBKGChRJN5i0dQLKrIf7AEGGQ1/PVCBq3Yr4jA9HYf7FSUVa3Vd7hzYDqJ/TrNIG0GKPnB9gVAc1r0gISCwsDsBBhLJob9eUANpAgEOcHyiyrLA1rKAhsKmTgAwTPmNgLLI2TknwMCACSQALJJoBknlCpwapyW/mdNhwaMOAkW25h5xBi35QJulCXN/PvBZ5qDU9IRZhXo5gsr8xCU4BntAjmYR+Uvp9L8NIhkwrX49xKGJ8gQfmRzSF5H3SVsSoGF1AGhwsi2HKFNSz3dBm32RqEQg0yDOjHg0NYTtVZSNxkEajQ9pSAyaNwhg62pWiAABjXzC3KHzR90spqnuIZAAd2H/ADkpm3whHkVGbAPXs6EAoY1AJ23ed4SUmFZoK25R9AbpKAi0LAGfb6ANYMYktgNmDU3W6AhrcgemHrAJIABkigBzMOeHsUa7PyDf1CTR15R4hNDbkYQHv8faeR5SjxrMhYM12DEUDRxyie/WdXGIcNQEG5MQ8TJgjI+dIeMYr1YsAeqlvDQOal1eXVGHAEZgNC5wShIzqYa49XyT3VoyiwE9P2pARUObnHeOJhXugGg0dBGFBByaGgo3CSbgCFAkaUMgd6ACGjnXkjkC7qB0IM7H7lhRsJgWwGVzjIAOokx9A6ecPXABudBwT/MNSLwjdIGtQX9oLIOoItbTPfEkh9h5TqmE9lSI2AwgMCbAIoweZGmglCMUBfT688Bzh0aywBrqXqeX00eCEPr0iwg89NHL4aAP5tACCbsADrBYWSMYtJdxkA4jIUcRIPabCJm0ttDcrSAhZhMX1OLwwEOlliBeftGOcCLQsOtbw/IJcZibFujNZUbmJSQIQVAt2HsBBUtywbZHqtEMGwRmdsSNLFamwHeZYCRqSCRczrEoENVD2+8KpLYoB67xkcBS1HMnD6QxDKB8glnrCatcjkD3KhAAOzaHI8aGuphoMDB6gxufKClCW2YNNtvEGSgNTQdzQj+pB5A586cjDDc4jJ/gs7ChtCvZ2h5FEA2Ai2veUarhzMyaRdvaPzhs8QAMHeItEDDXygyzLKjm8V6QSoFMmMeGZiBCwDhF2TBfAvWDFQI0Azhgdtg8yoNBgQYQLs1Zto7KMsK5ktBbQplIsL7sJQo1ASIjpiwRtodiAZvQB0mSWOyJLiyBQFzrEpoCARp7x5QqQhjdrEQOcSjcjQhAsF92IcJS6xYbNeY6zFQDH3CQ5lQ2iCCoCUycsMIOc1EDAUHTDuWf4geiI94BQmAaiN6g5CE9tISZjdLPQQXpFCMD1BoxdHqJzNiP0wIIg5d5HDU1HpH04VKmG8z4YgBUQRhu88Oo5Q94AEhGIFWAdw2MqDAVdzjAITII5sqAfGGJJBrCwozGsejI9iUYEWswfCWkABBEsBvALRMwR2MzKAWplEIqEeS4VhDVgNub7xwm4tnmzgDyhta2I5gNtTpiNsAUoaKTVhZAgczMheMB5lk+Z7fxsxBrMPpHBBVVGAiLuomh7tjFHG+ZAPTWDTwnmMhqBm0dEVBfpwCg+/rBAGZviAgINIoRGB2mjXw0qNWXYdFFxwsHRU3GOHRlBADKZTHcnnbUChkGIS+DZy6DAQMwUCC1MU6th049XaCcRQDVjCDWDDNMFWRZKy+oHSVo0ZrkoUHrCHeg6MPyeZhNREFFg39yAcwGKJFt1u+QFCyCeg0AGgGgFfyY5TOKQjojHfwAKztEbm2I3vXSXKhNQBa4M8DFcHDFngBy+BhaDc0PDTmwvow4AnWIm+83c2KFkgN5CjaTgLYCkRWgOiQIkA7mSEJrpPmQC2QPQuuNK1USsag5mYzhoAMaG+ohMarIsIB7gYAQ2gu01A+/rAz/ALFFZDY+ZoOQev8AMoQsxm2JXBxpCCtXoYhSP3n5OFnmmjh7GAgx2+8KrvweIsVKle8LcBcGPhq7TIKxiglpklqxCbucwdtmIkaagVu0SUQEBr2I1qAQa6QlQrE/BuTHZChmN8kNEe0zGQKYDqXN7DrArrlMhL1R1dxwWGQQ+BzP7mjKgPbxtkRrDtgmDaAzO4MJh6j+kuDOB2ViObr5iERAQsDEIqX1npM1AHzQhVITZhqdDmJpwYjxHTtLNU7AfKEYDDjNkCQBJ0M1hRrQCVupt3UQEGKgNxRIyELoa4ibIkgCHI4zYQonUCYOjh0jAexbBLyIjpjWFmvomPMSFYQZWIN3EHUmQ5CZNkdIODRizwUUxV6/0Uvz43ymXbqlc1fYwsO8YHBXCGecHnBhqYAQIKjxP7I2dX1cpJllFQ1bGwB1imEgvnkYoI2BOkUPJgF4oXYsjBjFxFjAJDFFKQtROdJJEKAQS1AAvA1Ijcb5gxGtoyHXcfmJ4EaBoqCcK0suZ3S8id5HQM9/6CHlH24EkRazHnRNVGbINIodoMiBNBgwTDtHmLHiim/mMU5LVrXM426DUVnZgT9SUT9YMEQ1vPrBit2JvRBKpkKhQBQ6onoKmrGkbA1lXcX0vAOAXi5k8FnQgOydwS1gELw4SAoawrVtPJvZKE6sEj7f0LjOsUXeJrFxB1m8ChFAOpuHMvaZEHVHpCc7ReLKIEGyxYe/Qy8u1aEAgkiqADDxZq43TO8CgTBFRy6QEZEOw6YMBIELChgSQQNNE2BgQdowg6hE3E5xRPAVAOI6oEGpkKC4CgSGliEmSyck6/0PtEevDXRyw4MXYmyHQQkhxoRrKDUzRvxgYS5hoJSrDy3CyN3N2GJCm9I4AUSVoExuB4Rp26LUlawbfpsgUXZFmIbwyORShiG8nb+k4faKX1B0gDRq4HCMcomyECUIq+v/2gAIAQITAz8h/wDuy/BnAOA+kQw+H0PAVxfBfW/7ig+pzSIxeCWE5BlBjN/QptFHBAIPoP8AdTbwhRYj9FfwsQiX/ccVBaiUr69nBt9Of7uh7Q3lwlfy1M/3mn9A3952IYh/MfDgFeGLgJQ8HfE/QfB1x5wRwwkrwhY4uKPSW4vBxwZgHBBngX4La4uKXNT4OpcO8Zvi3hF8HBwcXhLiCgHhdqKpv9CHhGvAReGs+GqKE+FHCAoeFfQz4SZXb6K8EZ+qrgijRV4JfDnwcUUcdCJ4QpcJPDaK9fCWKizBDAHhg18MUrwtcL8NfjNfxf/aAAgBAxMDPyH/ANIX/NP/AKtLhXFeGZP9y/4nK4rjjiz4IoTpwMc58O8OIBAjz8Dc5fWd/ot4C4uC/hSP+28AZcX1AA42w4+38CF/3CEzJSXwAVxUc3gMEHgMMXAAo1GeX9wLgNOhGJfCvpEEA4q4DEB/udzgCcYMR+s7zfFkuXxcr+6s84AUJgdeBfUfqRlf3T8jGiNY4jL+m/pXFCDF/dwOOAE/yuDwIo/rXBw7wiTp4Gv4SYhCWJZ8IcjBqFAjrHEtIj/ef8BKUWRHunRCNIRsgMsjJP8AbfFcH9VhR2Yo4I1xW6gQGZs8GXATEhLfAGhpwSS/BECXaMR8LhUVO/g7uBQbQDQuOOXKa+DXKHBQngo1y8IQi4PhXgY+nEqXGPof8K/u3wOOBji4uVF4A+C+i4hLg4Pjfgl8HmOAR/QvBVAXDaWPoTwgwS+/BRy14Ig4jx0ihcJjixn4EeDHDlB0ih4lcbwdRzSADhVx0P4n/cXAy44YIPJ/Gv7teHER+GuAQLw5CMeGjb+K/wCL/8QAKxAAAQMDAgUEAwEBAQAAAAAAAQARITFBUWFxgZGhsfAQUMHRIOHxMEBg/9oACAEBAAM/EPc29Ovo/sE+3siiiiij+bf+MMgiUT7gH2kSj/xEIf8AhGTjj/nKPX0cn25/zb/TH/UUCx7pP+QCsnP/AEhhz2GpqgWmVSHcHVxBBA3HXmmO2o0JkSn97ZNAT/8AWQmZSB2MITIudY8AjRGSdSTTX3gejKwTnPsACjSGbZQZEg+0v/sApj2OwU+00HoiozFoM6aL/k3sbf7Mjn2Iiag3Uj5ogFA4jsg9g31REP7q0BP7EBPELuMHVCpQLsgyy7VTlRy+Cn29kn/djA19hH1dHMqs+ghjoPlAsz+5Qnf8EXLdFjLdUf8ABy3+UJYCho9j6k2K2BY/HynLz9PplOE3uEv9zILkbC4dgmbVNoYvsycKTlDWqlg5LxdijVAAOi/q4YCTbzZNPDr6Q1ovOKYcHT+sFQFBXGq6WZ6PupunBQgbuoUPcnz4CgRAa29/cIUlJ/wD7uik/i7Lk9GPoapFW1RNU4ZfKOsA28FSv4oexKDeDgR9oApHhqlPZHc/dVMmT9wcEZz7NlJUDN0+Kmho8quRZ6GCCHq6FUscR13lic6C51WRbhSsojJNrvwwphMHbw2TgZD1ZOIPuDhS/wAb/wCD+jcR8+hgrLl+0CsFhoBtEL98ATDZdQ84KBuee+gUEZu0EI4QzTPM0hAB27kfChXE8jw1VmncmMEwdKFLxH9UIRkUQQM7DjraU3VyBXDOLIC03SwhkFM1YKjC8IsXGQn3woFQcCOqAYLmoZF1ye7XMQ4/pICXTDZJI7j2GP8Aglv/AIx/j4uiL6dU1K+qlU5HeVzhIQa4sYbwRB1L9nsgLHiGugGFCB7xxCDlhrZ07TFQBdYaNSZh8ktzADVlTeWwZnfmULKEcna6DMJGgP6hCA5iOjFDsLalA7wg5PIjuEHAGQPvSuRhyEBOB/PAAhsYP0AdsRfOGPIOchxKth/GqjH9Qf6CFh5Wh26EY6mySe4+4OuZ/jH4umQ0aeDsfhfaNGvYqUwJpAAejkUlmMgh+wTqPBg/FXIarWw3Qw/QSOxVScERsd0LA+Ek7buQB1VoFo2NShggMWhyhWtTasMAMYIAYD3jxD04BlVFHiQ8SjfIDBT9ItQlBNVrOJLgFA7/ANmWaRzzR9XTXSAEGQbCfQScqCN4FFAG4QRqRLJ/VnwoI2NEcy637UHp29wZYMv9HNlMfxx6iSEwJbBNDyFygJGhHK28o0JEW483wospH1ZqDcup6G4TdvGoTZMKueMophkeN6Khng3ifaVH3QbrFGTUgp5lS1cxU4RoBDjKJuqnIDZ9igIK64FEIFviSx5/RCeDg5x1OJOR/cMT5KkrHLcCgqGUlrngIKAMH8VSDkLog0x1uKBR380VqHCVLRDmWDipFDOg0A/jXgnPnFGnfzMBM3uNWQP8mbjqR8epELmXX+epMEVJwn5ELOhdAKvyjsRcwgk2e9RWJo+DADojTwBqFGmjuNFkj4I6OpK0fH2FgvidpWX9B1UA7aHwXFIRQYa4Oh1ExDxDdA5XQpEcPOB3BZJu8GpMIgPrrfSYBgau3Q2om6WDJBocqflPFk3AL5B0Qsm1k77yoaE5wOdZNsmtXDDyE6rFwxQmzGfzKaGpk3on/F/V/aa/8RL46rkk4J0dVdP6WmvjggEKOba3r19C4As98MgJP8AIe8JcFXZAfDxZcWHGrg0sqbvFP4uIEIYiqPEK8BNUZ2PrpvhWqhhi7Hc1YEImYVNm6ZKgJKfLeVledUE+E6GH0A7dSgVHwOSZyZh9rSybyNDnNgkY1IsX2awAfD2IwSiqECo7uZnwcCg/Dh/pxJwdIHu1VS/WXyAIkmjYKcvan/wdPf4mZfPqoFxl43VIO4fS97lV0/CqfOXMABut1PqtPB5EoIWVWLQfCJCEeMTsmtWiOxzoiwhRxnjbm3RYq6gnSoryTEHgXh5QrWUK67vITAnA6UfRdCUCKH8OEXHAHdKX0tgQ8BlBe2RHKlwLhOnAE8Ji43lBX7KQwVa/QRUxsw4VVRc0B82GJZA0hu0agQI4MJ+aHFdvSX1odL6AmHhom9ij/Wv4MIOE4jH+ZkI/HK0ytiD9AoSnDwbkoWwy4tDiKZyWHmQw2TSQaCa9GuhkZ2fDWm5MA4Nh2gkhoK/womIQVGefgQOKAZjZ+1bmo36OqOQ0tTyhAA/HLqmwjnCD1QQF1Id6hkE9ADkhDeqHUsPwIw63Jmv9JuMwJ+HwyuyZxYu6/HiqJAuwAAkSg4NWclCCagRugfYm/wCBvRpr/uAMZWcPFt9EByDGzW1VASDaMqQ4oraCHiW1dX2L1MtTwIA9xUoPFQu6GcBVtZxhBmrKVeZ7kENWU/jxEIMeF24Hy2qFkD7oqwKceqjpwekjVF4Ozvpe6FYEaOz3ZBiGBscwW6PyXAhDOdPDRGZkWX7IhYHHyMqnJ6IVu7v/ABb0UEKik8aNCFGCBgmOpG9znLHL/Inh66ejt0TltQm6gNE9AgQ3g0Bzk9W3IxNxyatcu6HdIYhrl+yHgo47Jw0AAUq1ukKpDjP7UNl3p2pdGlPAeaIsr5Qd2PNX0XfOnIp4eGElSqIM4x1W+82MIEs8njoGp18Ad0CCp3+lZ+iZC4pyhebqD4yhLyrs3UWdEgHP5R7C35t6T5j1fzL/ABJpKkKZUbqTLsN1m87BSsZQDdR+xFC7irrwpgFGphK4cgKJjGGaCeo3KDKHfaS/NwiY7ZE50DNY6o64fhEcWCJqZ9xQMtFZFaTjWVoRgdAYh4htYHB8qPAnumu714XXyq3SR/EIdiDv2R1m/wB/pRNqWj4TiueN0etKRoXg80AQLfQQI8sp3QAAEf14R3LHzKc+kSw4Isy22sUkwD4bl7M/+rGR4Y/wIgamRTbKExzAK3VQ2QqD5/vBSxGgngA8dQXOid26BQxgwyHOEBAMMQwpWBbZMy3xpdBn7P3p3RyONO/I4IIkHVkri9yVMjxvAihGUKb2EJuPYqGBqwYS4GTiO4Gpi/Q21xVFGukTeKYGOOQjCFJaDrnPNDQs3ngRCC6eL8VK4HSaKO5Aqzp2LPo6pKc6Xz/E0jwZRVHZj0RADSSgWC8pkp+IUnU/NH/U3/JUEKKuHhXkhc7R3U3AkM7k02+0mjuhyOYir7rS9jtZa6szojF6H7dUASGeGm0UdMc4kJ3wIIJjhxoLPwUqg+BWLDa7YJteiyAEqFddhetYQreBajzdJQ8m86KyBuFFeJUicQgLuGbhCaYA6bgb5ndFEdkwg8a0BRQFhv4A6pzAZC9NTisoalThA2blnLKVNxasMbIK0XcgK4evdACuDhZvlEbafSdjDZ0WiQmxbum0CFyeYq4DPWyHyyF4KnqWFUFhh/k34N7NonGoRABUmFRnkgOmgaoPjstCCqIVv4zzPLKkOOVOhSDiG13WRhpAis5FrLwoF0BAD0/pCesfSkz1BkkVXL0oA25BAgP4U65h/NPlC/c16vDlD3kUfQqBnkcQ1ZQ2OaXdeTogDVbDKu9B6qIgrq8OwVFRRAAcObIoBqaTuxlOAI4/QSaMjjR88QfBHQKSF+kswcVCayUHmrtgVDk3PDTQtyXu1AGXAW0wh0GpCsB1F/xk5Qxaqh0PNghItBeXpvp8J2eSZR3IZqJOBk2BPwY4JZBxAgi8dZqhnXWz7cf8H/BpwyLT1PNjwT64BZ1Qjbs3L+yY8KAUQZu3L4FCvjEoh5zcyFEABG4urdHLuTIXVN/pClZr0qUzVTVuTZQTw7AvhsqHaYfo5KBNYdsFMUzaOxgIN7SyY1YSIcOj7yS8NEnarEDhGACbqAAHGhcJFwg3vBDmwkKXL6X8jRuOSU4dzrXMSgcGmT9ShlsadoSD+y4Vg8yOgvcAJxpmjY5NbsIi80qnAa+DcoAUXi0F0DkE/BVPt5tE6vX/AEJuwMeLdieNwE+bvlSwKUAXpQA1ualMr4UDBfv0AoCQG6ICEHQtBymj2Bv93/BvRgnQhUX6cD5IhEwO/D0AEkpAglotHKMA6FRtedqBAQoADJgQqJiDRoRYeeGqcwJZlo+E1Hc8HitgIWZOVln4hLWU9l5Io8VjdXGrg0w30rCDikh7Wllt0GL84L5hFxah/RR80QyyXcDyjJ8uDfCLrQHANdIPmHFILG2kymZSiaHxIWwHJypsBcun3pNbqyxrZXYahW+XNqgGsA5L0bRp/VAZPd/MBBaO7qgA+Wo0eiYDIFPGKMBh4U+1FWnQsiTKS6+VREQQsICOEK+fWf8Alf8A63QwVCEUDQc9o+kwOo1CACuWQAzfDUT+SDaEJmCPMF+KcOqkDdXoGPAqSHMqasMG2I1oqq0USsXBwEDzVoV1oAu3SIwN6/hyb7YogTfHg+FWqG5UwgVlH1ZGHkGgcVZUYjWTrQ5pSwXdQti5cOE8HdQgGlLzomqlA4cas5CwF/5NuWECPDjQIBGaMAPG2Kimg42T1sDvwQxlnpUOYW1QcRGlLlMi8V/iFvOUI21CORBRLk+YDlRlC7DxRIVxHIt6v+Z/zCH/AEP67IIBCbn1Dm3BsdUGsrrZuBWMubIhLcC5OU5IzoRpkJ1lRA7zyhlojgZ/CENPK/SACAKgIhycDBgzBhboABFMGABThaik4F5fmgXEnLq9dk7JNRUeZF0+g08CfMu8XCvnJfw/V/0pQQ2sdQ46odnmnGT5RXCpuhMySz7Cn8RCOIqu9kNPOodkJpfhXBtMpLLkmsCWMPh3D2Vlc/pMwKLSW5yt9bwIAzLKDgIYIDqDrT3KB9s19NUcop0/4zLHwS0Kwj8ElxAYGeS1SQUfRghHFKRUEBMKm6iTMFGUhwNFU5GOHJMq4Ps6oKNRwqOtKZT1iL16QnalQg2UYGX2MyufkT2+SqieByvwjKugUio1OVJy7D3zlwCmDgp6hARxgCchKOEedgWBmJTs9aMLoN0THuyKS2osc10aiIZS9PArwDrHJN5ReV6KiS8bXUk0bIM1CyLO+QVG6YMfKP8AUFX/AKW/4fIa7kI/2T0dSBIlwxw6IRhp1RkLoZpFuSbWd3QUtQOjAVTr4MosNQU55UMXa5NnhCGndX5OoQjUwa0S38KDgSGNszNGy1cR4u64/JqJ0nIOqB2UQBgpedHQpgad2QNYQiYO60m5RBaZ2jmU6gBzHY/iLQTFhymO8dEYEVozTBlkDLRYjCDkzqrYcVa0Z4DzoeCAYsf4q/2rz0wvpAO7UTqlInB4INpavBNhp754GU6+YHJkbk38W9wIIAsQufQeECyYN4cGUzKr9qAY+V1I6ot6B6g5sQKo7u6pyQyO7Y35J/QA3gaIgKNNCjBUma0mBuI1ThDMzGnXdApFKE+FOXDG3i+iYJZ28lA1betYuhGngRDxDhprPH+roNK+ShJoIGpQ/wAqqrIHjcUYtDk0C/cpyQYz09KPAewCGqu39ZVI7vJVprL28d0C987/AMQLA/SjSeZomGwx3UGbyg4GhDUeIFGyhOqtf3kPqYoEP+GqHuBKZxb36LijG/pwK1KTFJrUBDrUoBpoJyEn510CBHEhyQlY+nEAR4qugmvgTGgtT5IURV8lYPQmof4QfhY+Bfx+PH4TEWA+adVVkARbQG6ogQFQ6TNTglOKi6tj0Yin2mZuhQI3QDYJrNXwuQnr+k4egE80T9DmK3X2meGcc9R2AWIv4UxYTohzRIbBqs3dMAvM1ozBvlNJahbj9K7AmEvlH+bHqL7GoTeje7AREnQCZqKrqa6JAS56rooSUu6veStTLUnNTMptwHceCnkpx1/xQJl63IP3x3Qc0MObjF0QNRZFfOxEWMZZcaEAEw7YaKd3Ru0qrgLNJEAPb+oiIAkdoN1YmtUWKhU1kDzVLOYQYl2yj1VobRaOJo8gQK3ZM12Nz5RavoD3UGy8fGqlVNnuUdIqEhvpPyQeduCIOL41TgwhxusBC8HZQ9W9X9zCDQrntMiBjCYi0LaSjyLapsCWU7piZHsoGoPyHVhE6obZQJoOrU2lMaC/TXeioMHYyLdU9LgHeJUgi8nX7Vr302VUuC77KPAQwLwjwTAv69dlFWMUkOmZr+JTzlNpZOdnEuIfkmaZHx+08NC+vbgjMFY5JjnDKgteuiIxsfgddEBcILjQHv8ACpwTg5NifpNDICAyDUcQmynOwOnvV0VcIRLuryNBlEGLKcBCikkwo+Nrptkwk/wK8Xb+u6JNDVak+BAl2BoeMgnXkt0Jz0IjdsnNDc/HoUW1B3RBq0gP1evBBj/TabJiNdIghTIWLbO4pjdTWPr7VhXmv6q+d0GGU+HAWqnExfxkTrTugQq/azPhXAMTVAcIe4G1+agEHclO2VMAS/RaBW47Pe5JcWQxcoJbTAVDNjgHaJVkFde6tyTqyFkKRkRy5J9QAobOQygGEEUwh2CJbQ/KYGQzwAllvonBwLS7DorLbS6qBFRcuY0IlBNaAGh0VA1L+XQqAPSKUVeZeeSYDejb6qol0HzOqB4ad8p/7Dy/eEy9RFLD6RCAt3xMGv0muz4QGKr/AEgSwfCiYXqrQYuUANHLWiDHyEJ/R6R70xUQKcL/ACUA5joUMEgImp6FV9PjuiJFGoeU+QmmfSUCcKJvvN0XW+C2SyCp2g50CWslJYmO8yyMqEgWzXonMBr4JbO+6Fp11yOqAQJpD3NWHBS8V8jVE2jZtsnNO31Vd3nhzTotYt2NwqC5A0ZVGHP0EMdkBNcfsac1IPp8OEXz3FHUrwKm9AEgG1OQZ8woH/Y/stfUjG0Im8En3woRLRBjV+IgqJ1RzFqB3QDMiHInRFzDAAp4OUKq0Q1yCWDYZdOudPtOAbVwHPl18D+o5DD36pjFtFEMmNFCBMNmFmYg5+zZcAwNw2vDguCo0pW3dAlQDF8gEs4p5NSAAzPTwrA1YVc3ZDoWWYYhFU3tJ5xyEck3v1Z/Dcmg8j9dk/covDU+E5NVAuwqID9vIgCAYG8igS5ou6m7OfgQInVBzLhA3Zb6aUSBAwakY5p9sBEHipm7oToTBouA9ZX1i6LcF1G/P9LptFvKpiRHYNz9IETQaOa864QbyKhjcUYhXOzfuybuLlIYOfZyU45J7igw6OiG8SZ3L5oCFJLXEpl1YzDhuUUHrVao9wHUf5O3rp6T6AaQ4cYom1qFTO4/fmiZsFX7kJWgzh5wd05eTRcn4GCNZy8cgCgWLQMQ9i4fVQTHK44KoVmgM/HtsjkTHXBTO7eP3VZJIJhdSOKZuKMAGRnTKqGeJkc3En+CoqNdNhu+Xqp3IqaWqv8AGa6ArBFxqX8mVcAjfc2RehWTuO01NM5TSFbBoR7rfyETwcUwA3zoAyCLg0RuLqsq6ioJ2scvQ3vDJ/ws9G9JXNRjZAJEsgIhS3mmmoUAdWKPmIspUuC403AuRTdRUKhrPuqZU5q06I8i5S+ivBMO1FEz990QcJ84pvYY8smFvA9M7FkJJcB5c1zKYF1Yd22iCBaBabg5h7dSuLvuCTtY4pyR4n9bp8lLIjZbVTFG8eBA6OPCFqnp5ojJhhwwUgQ/FAAJhhSfwIPWMGE1WuLOpt7c3+k/hA6qSUw9eQX/AF8qrdkR2I+VBunyjMTe8foymF+P7IQ2UAJiCF7GgGshB8mR6KjYoGHDAhtmdVLab0zxUmmOcR8KG5QOoPkqjPrwlxkM1O88dFA6ycBkRrQAGz5fau13NCDs7mLDgnB90OMNwE08TFfK9+SMDGaAqzamqrARYqVeWcIoy8kg4AYFMbsgkxYIDMseh9/eSjVUolE6JnqA/acEcvSybkV6T8l10Tt9Af4oCGqYFArodx1QEbNaNNVRDOhVLoQcZDcoC0VQhxDpDVS4Db5XNs9Y02oNUXTXLsxogZBlcFKgW0SaVRsg6rKq4ZqJ1Ke8ZEZmsJQIUIc7CBBSyQJErCHBD1FmNh+IEG7RLQCR1RovzsBcAMpgmSYJtJcq27wfLyG6HB+qsFmiuQ3Pm6E4g8hzCZcJQFCw59kHV293DEEb0ZC/0cBWzsFcERDSZRegbEH36IAMAwv2+0APuaiiaLbxqMMdWVJ3yE/C2gVGknXunLH259eGCpbqkyQZ22HUU6A87WKw+EY5Bbo0UDsqxBsKhBHHIjgyqgT9nFfSsobz0UAMVrCqmuXWYUp4ioC3dPwaQ10BmeDF0/JFga0a77IwgbAGBBCw5KaAMEseruxjCcMYEEF0d9VrNyyepc39kf8AB/8AJvwZNCKf8HAZDRotBUOylzd3V1FVZuZE16hAYWSpD41J4Mi1yB0LydzRJDm5moui3UgPk5d0cxkbEuIvtUAgwW1G6MNirYOWdBBQNeNjs26VKshTNDBP7+EIGJUyfoJrEGAA7foSqug8pj7WUNXsmIu6NFclo5ht0EkLSpMAxuATXUZdE7soV4XBm4LN4yCWHRjTbmrQJSM1MshBoOkOFTsX6CIEEJLdupFnAdCAEhgIYgixFfcy0iD4aBdE80IA56fKU9NcWk3PbimQeUxThzUtQE1ZTCzN1S7Iz5VBYl+41T5vvjVWSXt9VTvPdrKo46ec02OdOg9e6kseRovxRyU+E2RwnFy4UN8IgGwyvks21FrcJDDUwM11JBTj9Ay/TcmArlUtqoauAn8UP3r5hB2q/NH7f4D4M411+VWPb5VCBP636qThALvI7DcGPRK1105Gd6zDozDCNgzciaS+Em8KCNwWChciQz093hPQ9Dq2hD4BVgouFM7qDpnIsqNgzySJ58DYFyd6lD4Ep7e6CUfWr1Cx3FEEOlinD0f8GRGsISkNonMvG6JCVn8CJz0ilNKA13lxDRT7IjxsWnORHdjR9AUcSYrloVfuFDwFHd5ZAHbVuRzSmB0HY6cgl5XkdFaTS7miQDbQj22iE0TbNHqiYETT7RTCAOuShsYWWM975mHFqKhKq6ElAuCsHQLNkoBcospvPgTM4q7MUc5B5IyAgRqJQ0BJ97xBbtSrao0FbnxtbaFAYg3vDrmm9H9M8k6ysBThHPpO6ua0Gh6quBybnGYsQLS7c+OYAtaNyng4sqsQnYJqw5gtpwHMxuSgnVjEOR1NSgCGSOlRhtqohAlbEP1sEI0DBftDpxqdZfLdZ0aSquWoLbCwWoQKOOzuLvmaJ46IIdUIpVMcqgCnrhqPCg5+z+8EKbLXAHYdyv2W8lHAIASlED3UNSy3mawEWUNfbmT/AObpvRvSHMzsxRBy/wCANXAuwf6QFOdz9LVsbA9CaiLHx6fZpXCIkNGA+hQGfF3U68SiLUBxVeI34IUuXCKwI2LkwsXugBMNUun1MGgDoddEEYzbXC1LigMwYBpB6JjiTPdvOYVlhQVDZsCPg9zAhdybsyffNyZGirxwyxmQP8Whz0BkE3gAZTmSawY0HoaYeOCFSeyLgYsRKZtFC2ro5ik+3R/rBExl6Sy1Py0Ra4LLZW9mm1+ACGBiRxd9D3cowYQR1XQGpuQXUTlEXHjEhTQpz3/m67IYyK7wftBiwS7rrfsRzV4jWPLlWk8NqNRsORYgiXugYAEtVJ7jELTf+AOPvIq25x/0nZ1QXdATmmROJlGz8X8D7CJO4rguEItOgCnoVCA5BY09ob/CB9Df4E0VgXAw66IoLeDhA94IO4Dmp/Fm6e6znGwTEZqC3Llh3ZMveZQjgFhmmYu6M2SHHdzGS7CVoDHlGMWO60Rl3Wo/EUEw+QeBCZ/IUmf4RVC920FUEcAdQY232BA0ErzVr15ofZ5KWSkSRwgSGXVQIqZ5pRaA8+MkuRiR4gqPb1YHEb+jkSAY61WoNaJ9uIsBNFctAqiDNPb3wYKuZ04nP5uUHUhsmExcVRXMv6v6koEKEaQgsQrLy0MuDdUGPLBTZtKo8z36ccUJiFngmVgG0oty9pwhSOiLnglzTnJyA/HxljeQl+tGEyeVGyVc+zR6DDqVYcPRV4iiAJ2usP0jKGaC9sN9FyWaDnoTS1Cdz6KoTMUcDm5FnT64d0aaAchUYHv/AFQo/t8N/gyaBDBZCI4tv0nJOf8AAZTXeyNEB7lpcyANk4JhsgLKcUSxjGExhUN/CJ3u5GbkN6S+HwLwuudCakgAWJF3cAwAFxg4GZcy0Ti2X6JFxY0JkKZ3I8dERmi4urLXyCE9CjnEgh+GhxGZVj3MSloYBiOEoKqKaUNSGabjFRqtKcRXiA4R6DPLKd9HBHaMp2MdEy1TwZURN62JsKwZRz0LISCOEqDSTa8KBcOC/hso9tARUJvzNCgRJHRTP5sodV9kbCEqSYQMNVpumQVeiEFoeLdumpxCkZfFWRNjBJgwSuduA15ZI7AIx0IGPQSiQKhzm11ye9h/+gtQj9DUmBoAQixkit6NquQdIIBP2JmKEiZo0Cdsd/BpFWsaCRlBEBT0YJLjV9dNCQQPIh5GLH5qAvrn9XXSXgcF9xG/oalFN0gyZyktgOmltnuDgK0rgpRo6LfSZRZ0J/RMnd8x9m2VqIVGNWUEvzWbBHll9MR9HTe0mYRq9aEa/WyME1CLmxH4sia4iapEIowCXwm4nkmGWRmQ2YOv2nCKs+QqppLHINCqy7c5mssgREYWEWfLAshW8RjcHp+l2qd5/mqygSFiJ0GqfNkkhq2m2/Ytx0jo+Pg7kEWB8Z1zppgF1G4Igxn+ccvQgug/JJ2YRFHGUEUEiBzW3yx6JXwQI8jRJwAuQXd3Emh5UP8Ae5RDHn0JD/AgWU/YXMITDmcD/UYMi6YEBtihwOQjYEC2gh1wWv8Atrp1fC8tWoYdSmDPPdGE4CcOiSWYDHFFLJeQlOzPkIIGI2+voWf2W/4W9Dj0gUfPzHgcfweF+yckvX8QVSxR1ecIKzBjYXTh9UwNcsg7vIPJ36iJyb04WAdubCNuQvwOajohHld1udXiwhiiWlreQyxlBNUD1WDwFDUeFQuW8TVaqzt1yQ3NI1lxjo/iENHpd5AaRIDR6N3pEWghaL7ZHVLs+AKA7c2MHwpIGjp58EeJXVzZbVPkOgKgUqUYHGalGT/Gf0QiWbgr5jsmbx42TrZXouPNkZsonxHRAdqBj2GCg4OAoHLMQ/e8YVQ0hzA2acYVx2P8R4FGSELgeO9hUjVAE7jx0TEjoM+Ll4PSuo9qgVf1org3R4XHyZEwlB+R0wmYNTAQWrR6lRQtH6ZF2HJCi1IfZGRZB6qF5CBbXRWFVoZgLGDMoMYgX2yINEtUifcVW6oEK4twEvBxwaoaCtYoRO+spVhHn2un2nlnX9OwBJgXrBqdzuhk5iNEYqUNhQSmau1PoXR8zJDvUkYMhJqeSQbrKAAAG5nc3ZZA6uzrvroaDhQUBJEPi2okUXedon9hdGFM1gRAsHQlJd0OBV4aQpIJjE6NHYQGEYb6sNFAPBTfh4VAtYZds1BY4Ks6cM+dspqDxYfAqKyURRRCwcDuYZbmdIPBT7U3ISo9pZMlgxYRI9EBnAWAuEWYqD1Ldj/Cdl1hQq57TDkJMB692HT1LJXYfdkMiKtSDcQVCwEjsOI5clFBzDTo4r9D3PDIHGUHjKiUolcvS0I5Vy8hEr5PpZAMNzeq4kOUL3QcEuyAMwLshbDAPRMDo4ITXnrBsHXgKl3t7iHB/MEEBd7AgaixtQIVzuwVHxJjosTjgHKhI4YdEWiXd9b/AGp/crwl9FfmoRylvKINWGWGhtYkBxGCx/dNApnCxPKTFacQooYjnEVKOLp3A7gFyjjWbVQyt17LccLWkxqgAIIuftFKg4T7mUlH3xEYwZ5IOf0hMhc63agDIE5hteKWe26nZoPuRKYt7WWKPC6r6Ag4Kp4HKfVwfzlMNlJmdsBRyBtUFDRdEro9O2IwCKBTENnEEXlqoOl60HYHFbom+2nqDhLL9gVICBGHYg3HdSiPXKgba2JGGvn8bS1FUidl5om9GwzPNGp0AqcKcAU55jYngKhem3AAcBzIgzs0euObjZMelgMtP9D9RSdDWoNU5XFAVvsGxiEEuuVU2IFgVaKTWSAw4Gr5ruhiACdmeFpQMzEOxq93yiv9IHPBRPJiLjbJKayyaDIh5It8JvoPDaG65CCoA4VHMaK/Qy24s518aw6fJiCBv/OUfQBFj/NX9523trv6kFFQ1RjTwUQRJUH5Osq4KPmki3RU7NQPch2wOowyo2Mny3spnceJJW1W6r/xZAard58WXBo4hGk8qHgHiidv4nh6KBEhlzKqEVOqh7fangmGyIM8BNHgOgXw/DQgoyjoB1AzQZD4dUHrukZDdzKlHqafHJuIIpC2pGQ4qFwGlkx0cxxaH10oX7W8BavhcSQ5lYRDMfaKm3RD/p/ArZAcHwDVqNFQIoZPFtw0QeIPGxGNNSHwlaIWUekINYWdUl0hAGjvmjisQjrmkMGpDMcPTOHmFBx/oxLxm6rSE5qNXO5OFSH0f0Kb2aPxZqZUcc/ROg4Tm5Q3AjsAXK2HoAnArI2o3FNDJ4zL1HFHKGERsIAtIV+muhS1A1GLsi4nM/SMwgtl2cEZu/QHJFr5AMXBHDRyo6NNOqjU+T6YqITKsXIuCOESfECOQbY7kQYRyiQ5VeBiqRyYNhQbmpxVaBiWIc/JQxnhAdGnsCY5MTkb0eQxvdRVCi8Q+EseSuVD9KDwr2Ws3CHp/VrE917aiUHZbGiH8b0WgNDyzTsKepG+od3PiiUQuk3VdnlAT7hhIPCNZ6L7r5a/Rc02Cd/LqFRVkDEnzB/UIdx6pz6dkI/6J/5ngIQNAegSmQmV30mkQM1fRymPhhrqggMB8HlQkOBJjI+EY8AYkQqDCPU9SCMsO9YcFAGJo4O6BjvjJN1EKmAIoiSMYdumE6DeXCoEsqVS1XIrDClcFSYOzKpo6CRRPSD53XdqZpILsJrWXRNGgAOAgpg1DlUVX2shRdjN14vKIgH2CyrgYKNQoUeBwzKDtoI6mRpjcxCRB9SnRms0Roa36a3yT6iBGYV2C7BDdxnY4hHYFQHdIRlcdBOAsaGQRTM7gkckJ5tIfOSMv5Pl8J/Cc6KE59WewR/o58LTVh1EICIlBqJ091pROmbcZWcR/HVqRCTfUaEYHRvbtwVOuL1RtiZA1UFpwVFgjA0CrdAFtqncxLaoT2HZtQEAxIW7VKqFoc+LsIcYTADCxRPZdAkBA5BZVCojlplHiR50y1yHAjxI1JwoGQ6OwSAbRFS2NKArrGIHwMhbzwKXgZW4YfdXVwqpyOTyZLOyO6Icsz/Cu7Pj9ICzJeoPsm7swgNptsja2FOasIBuR1H+lIVC3hKaCWwjEuxlrIDxIvhlHyiLH9I0CdvAp3Kj207EE5EQY4yEhI1T1A50Sr6gamPhKAzP8APborEV/N1Ci84XmEw5kTi2FOI7ZSoL/gwDJTqBp9nuBllws+WU/PV8rp1teEdJQDgMfGyJ9nOLnqDtAQlTQRV9aSnBGX5KcsKKMzS6AQGTM9151/pU6pr+G8b7PeZhBve0DAI3cs8cA3mkDXqSLdzb7nTFgBOTYmBEQnRdvVz41FknFvqtoWhaGfb9txRAAGDwEyOTcU634iHafDJlSDoVRZU9K00TPZ0aCyuo7Bq8kDJcaQgJcAUOfQlFE4Fk8nHuZJAFShIoXPADCpWM7TbC0yWW/wCZVzAs4EPMJ0nFJJMNwQ6qvA2WYQMjLMhwHtZDsoDd8GtLQnhI+Q0BEfGhAzzKGvYJvLbpmlPDh+aYQ7l+KLIEHMmylL5OQaAymqIB7AbSi6GhFNm4aSrQZkFvhjKHc03q8fCkHgCY28lPJ8CN04suzVod1YeXRIxDL2tN+Kol0S2yLDtqJ8uvCEe9BWqCT+ACnRSRnB3VAMg4F4flhPa4un4oByrSoPJI4IivuRcANN8JqDx/1ftPGEPnogcKCPJUuxww1fKso4PWQItz4JoMNJxHWyiqREAa6AIFOuYfZMGFMIjxkFxmbIKJNTzC7p6G1zaFtFD+GnNNbSu+2kok0MgZhkHmCgBYl2WZ/aBkwSHyDcQYaP7eDCAc04Z1LsyBL+S9HdFgit7l0ceHmhGxhHKzmhCjNPwgGirs1LAtcIAGGFX7sdUdLXa2GJ2QUu77PcU7p/QNum6ID9EwIqmdVRLOPr9qbGmqJFDwOpOTJuHW0H2VdE/uLKgoHmweKrJ5PF0+OMCS14wlMH5orngUK3YaflasyIFMPi5ojFqYAsiPkkER8DqiqBxPDZQnII7ThAOCOwHIMRLHd7BVEks6xc1/2nAC+7aLocPLY7xDAk/0+QM6APRV0h5ZG4AF0DgY2dcQuHRx3CZjTS0C378E8MQxhj4OUHk0DoZoPpROd5+VeARu5KQfGU3Acso0gmQEbzdYQfg6p7mojUvzI6iyqlKIDIHd1fHZHNCyjYXumJcSNEARKE+VUGU6rInBQk5TF+Clqn9ub0BknVZ8MJ2yhQGnsQeVSQAl7L72SmiMkptNuHnVSeQS14XlFThS0W4awN5GEGoakO5FzzjJh2Qhd1oBHGGVOAfRhdND8p2CG5DodBieqFRVnLRg+Ypmk+S8BRYlCBbwDmSbJOhQGESEO2g6YnqWERCvMoxDmKdnsky0s214plG6C3kpQIkVAHYzCewAgVPGj7v3dO2AwWT+xb+bLFSHTjGVlnKtouY4BkVdRSkJjFUwMO4ZhEFQ04I+kBbledUVBDT8ZVCFHp4UTJVVBb0b284QUK4CTRcHKwq02UQLK0DsKomGVWjYh04slpgHCfodCKDhSTmyLDvwRAeQGzArum3ovVdfzimC1jAA/IWIUlAihwjXJOqxfyVHcEzN+Xkz3kLeIZ2FBN0guOIs4xKO3oDxRdi2QUt4PCyY42Dv+SGqA6ncQJpwZpQ8Kys4GpPwrjcQVeptwSAZS8zIkiATG+KNuTb+p3gw5f2ESCZr03TB0XnJCAv8I/iI4DvXZNOx/gpxVRNmfmhbWrSGQBiXhhVOBIfi+kBPw1pCixrsYHjimz3FkYcaMgQ6ZrJy9wGYPjjkOTFXrb1ytC1wev8ApAVtwj4fOOzAOERBs5MJHdyDbXxShYHBb2VCViK6Ij4qL7HslSlqGwY2iWD5K4D9VSafMnYeXkVMk7BAOZRphwAB5KZByGi9yGeOrKzWyaRaTl7rYODoFvPkBoGzpVS2h4bgqZxdlTSw6CT/ANMZgoZGNfjzCuBI0VmETzzJnjFAQqt9BdNA/eH4sqhWauGt0Y/fZPPf9ERHCcTTutF5PnDKFbzTb+CCtchfH0g0Bdy2KtpARexjkaESVA0VHZOD484ptGRDDAyRAUrFTx/J/agi5kH4h2eYGkgITdmdgIVBifVCBQBOp70KaRKYKNSwsbEuLpxdMoSrWsEJkM2iom8LMoYx1AsQvI10LHBCX4Oe7rGrCkD3nc5VryE0VdQ2Tn6KWNtZbjENlVwszaIsEs5BjADkcIaGVZmo31RKBYH0rpI/kdoqAkoTnWcRoB04uuIclzugYPgdcoYrFY/WiIIZsvg01VA7A6biXRzCyfxIJSEick7l1bj/ABRhRfWS4BPtAJ1NxKDygzXJVsjManeyoPMl4Oie9ATnZDBsluVLp+gFD5ohZG6/2qAzu90fLRCIGIlCTOCX8dkJLw/iyAwGiHGE4Z3h0F3kdyqHTlugo9XVHtV9Cg6BpMVZnoA412GCQmOP5dTU51GEVolkHywQI/AomqWWU3W6BPE41eiqhqVzJs6iZq2gsCHyfUEW3vdClozd5ebVPlLeSTvyN1WAdW+A5q4IPi7AaDVtXhqUea5oGfm7IgCXKAabOg5xlI4SmgDwHSEfw8sJdBZ07SmSSY75JbhlVPp5COoI4K7YPIcfcXhwE7qWomyIOcLbXOQnfCNqAIflofaEMKqK25BCxgBZuZ+nUxw0N56pgriX/pUAq12N+0GgxUXuQEQptvYJiOljdMYo2uPMJ2ycIPIXq0rohvH8UPK2nhqmpxuHBRBiJoVQyFonKpsoKYe2kyksTyYVAT9dkgZ2Uy/ti+fWDUC8+McKQM1a4AAcFku3ZgkqQjQCGEKDhgxHk6NJWjwqzVCCk/QxJj2eqDINcGyD4I4oSOFz5zCmkxgcQ2jUMuQpVSDgq1PYUdDDLUYry9KqOucm6cYZAQBjkExZ4LajGU86IjNBh+kGQhco+A8BqUqIrMDfEjl0WkBqlmcKAfoKVE2iI8FGIVTo7iY4v6rojJCkLGuJaOSJnAEyP2RSaIo100RPqpNDoQUVBSA4bmqKHB+kMAfppXb5QQigdQIPFS8O+f0jdg1aUTvfxnTmZlq6IEUd6P3UJXgL3T6EJ9KbKPQQm9rrJgOPoXljmJ/4plNyYZsADAumKET9t+GDEbZlJBMFPiBoU/rC+lGodkA+RC4OOZZBH5GIu2HgoNM03ltKhmDxUjVDSl+Y11PK/t8CKD8EKVLYnJ1dSOkXgN5hFdDj9O2mq6HA/IlLZQIIAbu0tUyBRrl5xV5eVvQErrA6mgX8BjViv0H15Cg8oyIakws8sXfzyEWB4azAgdnYExnuhmO54CAmbs2IEZR3UjgjzVqD6jquLjYBOU8yA2dfor9BEM3jun0X3FFrv5W/o/pPq/tlSwEOHDguHBchoQQVFGQ+qKdmOnUpe+OICxhDDC58DCNg9FL0OjJSGDF1hkyCAABN42ETgFfeQXZNe6ehdcKXBd+l4Ag9CdCcAJqvjWEIP1aA18A6Q8IfMosAnhR2AQEVQ5cvIIa9UD1fmL90dVzEk+ZBiKObMW14FWsGmeTmOMWQgx3GajgCb8OEpQh2eiW4plnARqblGwuEBDJQXr84oGXHuAcI3AgIQC5b5RGEwIkbXQB6UfUQz/CiUUIBw0TSb+XTqZMgrsOVVjQ7RBgXb+galLJymLKFCeyMrD2wlPGzxCERAeK0Wjs9P3uARQbhzjWN63o8LWh0koqRl0OtllEBQbtEX0UIcshcW7h9cp56edQwru2r53omuQB4w5LzAwHzjqZreUBzFOCoTPwKJ2GzSADStrTrYydnqxzEEsUfkD0bTWVRmRxx6CmFP4wQpQfh+Ssjsmp4NDdyAuuW2/a16vwQwEtRGQ+EiuqQC0jsrXk4GNyAONE3lFkH3aoRzDYRZFWZOjKZUkuxoj60807CCUVgslkTcxSSEjZC4GyFCWhRMPa5xrX0ceQMro0XFPEBYiJMz8X89npBG+uCUkDG9UGNSA8lebGh8XUX8sTAQrYhln3zlCDA6YfhZF3q0NYH5ZeCYfBoFpcS1G4n4o/CM6pLiFBoeGp0MI2tnCgWBJWT+PjuH+E7+hSwB1EuXHMHlS8J68DJKElE6EIzkxQjgclMvQSol3Sz7o5IPsEEC9nuD8iIDvAF0SEl8jmmBoecEFC6dwNMIxwDuimNELZQBgxkZl4dkXOEaC6dmCr8AVRj2vgqQW3+62H4CRVh6KTmzYIaMJfzxGYdKdbWeFN78x6PGwGwtEAvk91qGKohLKokYfLaISZEPgJkAKGuSqELO/UCmxbnsIh0+kVrHMII89DPNkuAVKfMq8VdARN/8ZCoXRtnBr+lOBmgzL6qAC4xCRZPgwVvQOUybd5exQD9nCBpgxw16cUBh6cPhNkeSnEHLpcgPRv0nAd+KCJckBAII1DyU5eQVqqYHRCx4kKLohhG+knEEKe27JbYzE4FQxQbK8t8eXGHQJiiAI+Iw/UItfhQROQSjSGZUt2YMqCPswlxCSEXe40IWdsMZdAjhIbPcPjsQcbdE6pVvSqKYmGaV8SEpN7CT4rKjH3E0BFECiE/zlMSulBDGCmWScbIOA/YEUpwcK/IICsUvCqMs32r4KWQT3Ih3RhswB+lDFnBNFyDxQrKOsRqZUGkoJZ0HCE02QDEQFEeZMCLoHdBPud0YAg9taZKofWEbRZgGe13xf5G21DMj96aSZhiixOzfr4aAiXAQwXQaujOI4FE4gxCMA1AmAdBYlwNAkqkB4amzmgyTbHZA3+mE+h2IINF8qJQGBO50QXEFOdHAZeElDt1ygJAM2KHvn5TYlxHj7QKt2CfcWs5IAcQ7IpZQAhjbRHWmCTSRhLRbCBCxE3IkmZOBGU7EthBVNohQA29sCJghwScEVBCaaejS7c/RjE/gTPvBqEVZDjE8kAyETTJqCZIjJpQKzgWZsIBKizLmH9QiI8JuDC0LHNPMWgncgSimTkMke59UPwD/wCjLqiTH0LPwKWbhcLVAhWPRZyJojk3n+IeJb+IsNEYEMbE5rgoQsLBCYTmooqLUfVEDijuWaoALUJgBvcZuMdgucWvXngJv0iLlCopGglK71GTyXQSgpjXoWPiCaSog/KhgnwLhDoagswg51Sk1eMh+nJ1RywyMb0sH/AMmrmj4IhNZ9E0m04TNQAtSMGlzPBlWDkXqE8FfpEgWcNO6Fg3ugFUJA+yU0DAVCIsEVQ+hITADYTe4P6OHQ/BBExWdmAuoFWXpHOwwwQgNdxMTH/UQH1AxFJzyNofFhY9wpsrDgNUudAlT/vBwMTABc3p8DqhWJ3b/wDAyAmSY96kHRGkhplGUKXxxVCobmgC3E4LaHyrboqofmBTDI6aJFAUYKrgEqCYsPR/cjQWX12Mr3+vL66twCUgTobmkKR2qlmtA58gT1lIh4qdWQtIJH6VZPArtfQWKEFE2CrMKMbFv/wJ6plZHNyTiCIJCLIu84INKVJna8TsykJqmNQoOCeSSUOJQTPuKo0owSwdUwDAHuwDyAV74FABGD8Ebkx4JjEhIZGgHp0BqztZtmFUhPr4UfW4DyI4ggBU0oWpiBRxzyCRqSbnXn/wMTuk+CeMJpjURK0QmIqGPyjVMJkkwo9EZYQ6oM4mLqQO4RGKOA9BAJqMX9qf/bUlsE/8fwnI2eZaPibTCu90gAlH+SjBJkQxBaAabUKT/wALIUkcqzByUh8qjRhASWBrIHeb6J6eFkIDKJPdN1PlCqS3I2QGEAJ/y//EACkRAAIBAwMFAAMAAgMAAAAAAAABERAhMSBAQTBQUWFxgZGhYLFw0eH/2gAIAQIRAz8Q7XG/jscdXyT2Cf8AgeO3Y77el97PeIL0v2FPSWWgLSYkiypPYm9DotGbsSSSUI4VTrNGxjZR0LCQnGqY3rJ0Rwt5NAHJaJcVRzE0X4Tca5bdQSONgSj7jC1Ici0GMmtgZEl28m9aAVmvkPfQgv8AS++SBhcwjB6IqhaZEG+8Sex3cbWpYvotqgkuo538u50ZJp4GhhGid7JHR9CEdjT0ksRTrJ7DwL8VxXInUtrNY6EL1VBcpq2ETumunaox/A8DAR2kUi5xpIudoH89qKA6C8wo7SQX0bwuq3v5cjeF2eD1OQSeVCra7NbQhRNJI7PI6jjIyCey2LUyQqlN5pdUjsuAotcv+Fqv1rqX3Nq8llCaQyJ+e0k2ECUP19lIlpFOh3dpBLPMyVB5ozdoJbASZ7ERono37YLQt4t2T3M/4Kf/2gAIAQMRAz8Q2kk0Yxj7PIl76MdinqSRj9F9xJ91TYjrSPjez/jaV9jOiP8AB79W1IUR9lyas6Lda2q76Ux7GqfwlHFISLBcU6rbC/WYE/B/stoShecmXh/zbX0Q+j/BsmiwbfaOVj5gtlfst6EAn6QUsCJXi363UpdEoQSpFWIJpGeSPruraWTQuJEQRc+JZy3nAm//AAX9ExNF5IomN/ok353UDQlaSQvgNo8Ci6IJIgh9PLCmYMGbECF5PZPNHwpLz5wupPRjTNEvLuOj4GWNpyeSRekC9RZ4OSiOKDN5G4HZk6FjxTB/ze9MFtpIhHKGC9tGD3NnwJ0Rgj8hMkNPzSaetRLJJLgyBxwL2XTWmdM67DxbR7QgyrxTFckI4hsJUFkZ9Fi8Fr26W3TTlH0hrBiAtz4FdRitpLv0ftW5YtFOWLG9cX0QgCzPwECY+VsftSKTBAkhqDMksEmvG9ycB7SWN15pi570z+6Q0WMpi9hT8/8AZN/PYbKJ1NpE7Rccru/Ajy/2NSe5W6MkiY1yxtjFdoYX5CSlt7a5PzSKRFPlFGeeORP/AKDkDHLE7gJ5Ff3kZEJZMve5ikCbiSJFoRBe7Eexr3QOgDbn8BeRjTsFtpXFPE9491kQuIbWPIq2NFrjgSeB3OeBJSj34FYLbbYLjZlkbCHtrkaYJ1QN2k/IlmxyPJYm7OUJd7KDw3908J75GvwjChgRupfjwPQCnskk02BmTEtF8FgofQmwS/gG32FH50zAiPx/SzoyEmTFFx2Z/T+kCElyaY/NNyNcE7myHouiH8GQ3LhFxWGcssoJSXIJP5psJ3C50WH+jJg/RlwSj9mNITZkTQ/uqCCdv+gnYhkuXjyJQKzH0VAlnyLPkgyKorNYJ3EF5JLmR++DDIf42o58Efgv6JX4ol6IjVbcyISHwrCu/A237EBYVPqTonTFLbhsljIG+MuXJYIQsLn7Fvj0Z3F6NkcC4qTjksMvNBFGX8H0dG+4c6RI5B/IxLhEsSRkPgujG5uq8CRDEi41DxQ9PozRCLDW7MRcZK1GcsYVu9Fr6OG+xSC0L9k51pC1rbxoEbZL21TXjSoJ32li5foT2N1MiL9C+nFLbqCdBPS2XQ//2Q==');


--
-- Data for Name: visits; Type: TABLE DATA; Schema: public; Owner: -
--

INSERT INTO public.visits (id, visitor_name, inmate_name, visit_date, visit_hour, status, notes, created_at, created_by, inmate_id, short_code) VALUES ('638e5e93-4e4e-4242-88ff-e456367fb9d6', 'Andres Aguilar', 'Jose Guerrero', '2025-10-20', '10:00:00', 'PENDING', 'Visita con abogado', '2025-10-16 15:03:57.28816', 'bc94423c-e39e-425e-9b20-9337926cea84', NULL, NULL);
INSERT INTO public.visits (id, visitor_name, inmate_name, visit_date, visit_hour, status, notes, created_at, created_by, inmate_id, short_code) VALUES ('59fbee85-4378-4171-acb3-dbc16014d615', 'María López', 'Pedro Álvarez', '2025-10-25', '09:15:00', 'REJECTED', 'Segunda visita: entrega de papeles y confirmación de datos', '2025-10-13 14:35:17.437677', 'bc94423c-e39e-425e-9b20-9337926cea84', NULL, NULL);
INSERT INTO public.visits (id, visitor_name, inmate_name, visit_date, visit_hour, status, notes, created_at, created_by, inmate_id, short_code) VALUES ('bf615896-257d-44f1-9a9c-d56f13a2c248', 'Carlos Espinoza', 'Denisse D', '2025-11-11', '11:03:00', 'APPROVED', 'Conocer al hijo', '2025-10-17 11:03:42.903725', 'bc94423c-e39e-425e-9b20-9337926cea84', NULL, NULL);
INSERT INTO public.visits (id, visitor_name, inmate_name, visit_date, visit_hour, status, notes, created_at, created_by, inmate_id, short_code) VALUES ('32dc1ba1-5d5a-4e7a-8fa2-3093ed46c49e', 'Maholy Mera', 'Kevin GIl', '2025-12-25', '23:59:00', 'APPROVED', 'Entrega de papeles', '2025-10-16 17:19:59.947961', 'bc94423c-e39e-425e-9b20-9337926cea84', NULL, NULL);
INSERT INTO public.visits (id, visitor_name, inmate_name, visit_date, visit_hour, status, notes, created_at, created_by, inmate_id, short_code) VALUES ('5600161f-7e74-47bc-9975-44c5e8c19bbc', 'andres benites', 'jose benites', '2025-11-04', '14:30:00', 'PENDING', 'visita familiar', '2025-11-04 01:05:00.231757', '72f0aaf3-cbef-4c64-823b-be273e3a1ffd', NULL, NULL);
INSERT INTO public.visits (id, visitor_name, inmate_name, visit_date, visit_hour, status, notes, created_at, created_by, inmate_id, short_code) VALUES ('025c0498-3d89-4faf-97df-7fe407067b5d', 'maholy mera', 'miriam zambrano', '2025-11-05', '19:30:00', 'PENDING', '', '2025-11-04 17:30:48.141889', 'bc94423c-e39e-425e-9b20-9337926cea84', NULL, NULL);
INSERT INTO public.visits (id, visitor_name, inmate_name, visit_date, visit_hour, status, notes, created_at, created_by, inmate_id, short_code) VALUES ('3192672e-fd14-4804-ab67-a125a84a5c39', 'kevin gil', 'andres gil', '2025-11-06', '17:40:00', 'APPROVED', 'hola 2', '2025-11-04 17:29:06.126764', 'bc94423c-e39e-425e-9b20-9337926cea84', NULL, NULL);
INSERT INTO public.visits (id, visitor_name, inmate_name, visit_date, visit_hour, status, notes, created_at, created_by, inmate_id, short_code) VALUES ('089bd64a-afb9-486c-a0e1-07c3bd21e74c', 'luis cobos', 'miguel cobos', '2025-11-05', '03:23:00', 'PENDING', 'motivos', '2025-11-04 01:06:57.185196', '72f0aaf3-cbef-4c64-823b-be273e3a1ffd', NULL, NULL);
INSERT INTO public.visits (id, visitor_name, inmate_name, visit_date, visit_hour, status, notes, created_at, created_by, inmate_id, short_code) VALUES ('617eabbd-e11f-4d88-a612-a83e31b3de4c', 'jose jose', 'julio jaramillo', '2025-11-05', '18:49:00', 'PENDING', 'musica', '2025-11-04 17:49:44.966394', 'bc94423c-e39e-425e-9b20-9337926cea84', NULL, NULL);
INSERT INTO public.visits (id, visitor_name, inmate_name, visit_date, visit_hour, status, notes, created_at, created_by, inmate_id, short_code) VALUES ('e7be6b7f-af24-4267-aab8-aa4cd249f0c4', 'andres gil', 'kevin gil', '2025-11-06', '22:53:00', 'PENDING', 'nueva visita', '2025-11-04 22:53:27.678655', 'bc94423c-e39e-425e-9b20-9337926cea84', NULL, NULL);
INSERT INTO public.visits (id, visitor_name, inmate_name, visit_date, visit_hour, status, notes, created_at, created_by, inmate_id, short_code) VALUES ('38919c67-e471-4d5a-912e-a424ee01aed1', 'Kevin', 'María Gómez', '2025-11-11', '17:15:00', 'PENDING', 'test', '2025-11-05 16:14:24.662484', '72f0aaf3-cbef-4c64-823b-be273e3a1ffd', 'ea6c0de8-72cb-4b85-a352-536106a6758e', '38919c67');


--
-- Data for Name: notifications; Type: TABLE DATA; Schema: public; Owner: -
--

INSERT INTO public.notifications (id, user_id, visit_id, kind, title, body, is_read, created_at, read_at, meta) VALUES ('32d769c5-ad6c-4051-a3d0-be2b6b49e04b', '72f0aaf3-cbef-4c64-823b-be273e3a1ffd', '089bd64a-afb9-486c-a0e1-07c3bd21e74c', 'VISIT_REMINDER', 'Recordatorio de visita', 'Recuerda que mañana tienes una visita programada.', false, '2025-11-04 02:34:04.818771', NULL, '{"visit_date": "2025-11-05", "visit_hour": "03:11:00"}');
INSERT INTO public.notifications (id, user_id, visit_id, kind, title, body, is_read, created_at, read_at, meta) VALUES ('6a97bd0c-b44e-4f82-9c6b-8e079d5e70f7', 'bc94423c-e39e-425e-9b20-9337926cea84', '32dc1ba1-5d5a-4e7a-8fa2-3093ed46c49e', 'VISIT_APPROVED', 'Visita Aprobada', 'Tu solicitud de visita ha sido aprobada.', true, '2025-11-04 01:25:30.440023', '2025-11-04 16:23:26.720946', '{"visit_date": "2025-12-25T05:00:00.000Z", "visit_hour": "23:59:00"}');
INSERT INTO public.notifications (id, user_id, visit_id, kind, title, body, is_read, created_at, read_at, meta) VALUES ('3801bcf2-0de6-48f0-a5f3-fa305b3f160a', 'bc94423c-e39e-425e-9b20-9337926cea84', NULL, 'VISIT_CANCELED', 'Visita Rechazada', 'Lamentamos informarte que tu visita fue rechazada.', true, '2025-11-04 16:23:11.996973', '2025-11-04 16:23:26.720946', '{"visit_date": "2026-02-12T05:00:00.000Z", "visit_hour": "20:30:00"}');
INSERT INTO public.notifications (id, user_id, visit_id, kind, title, body, is_read, created_at, read_at, meta) VALUES ('caa2e062-4a88-47cd-9bde-5bd0f6f07195', '72f0aaf3-cbef-4c64-823b-be273e3a1ffd', '089bd64a-afb9-486c-a0e1-07c3bd21e74c', 'VISIT_UPDATED', 'Visita reprogramada', 'Tu visita fue reprogramada para el 2025-11-05 a las 03:23:00.', false, '2025-11-04 17:48:46.812491', NULL, '{"new_date": "2025-11-05", "new_hour": "03:23:00", "old_date": "2025-11-05T05:00:00.000Z", "old_hour": "03:11:00"}');
INSERT INTO public.notifications (id, user_id, visit_id, kind, title, body, is_read, created_at, read_at, meta) VALUES ('20309f2f-59f8-485d-9786-76aca8a586d1', 'bc94423c-e39e-425e-9b20-9337926cea84', NULL, 'VISIT_APPROVED', 'Visita Aprobada', 'Tu solicitud de visita ha sido aprobada.', true, '2025-11-04 17:20:42.972689', '2025-11-04 17:50:32.650895', '{"new_status": "APPROVED", "visit_date": "2026-02-12T05:00:00.000Z", "visit_hour": "20:30:00"}');
INSERT INTO public.notifications (id, user_id, visit_id, kind, title, body, is_read, created_at, read_at, meta) VALUES ('27e1b927-7751-4cda-ba1d-ca4fc2632e10', 'bc94423c-e39e-425e-9b20-9337926cea84', '3192672e-fd14-4804-ab67-a125a84a5c39', 'VISIT_APPROVED', 'Visita Aprobada', 'Tu solicitud de visita ha sido aprobada.', true, '2025-11-04 17:29:59.54435', '2025-11-04 17:50:32.650895', '{"new_status": "APPROVED", "visit_date": "2025-11-05T05:00:00.000Z", "visit_hour": "17:30:00"}');
INSERT INTO public.notifications (id, user_id, visit_id, kind, title, body, is_read, created_at, read_at, meta) VALUES ('eabd80f5-9bb8-4147-b7c8-08659ed9cb59', 'bc94423c-e39e-425e-9b20-9337926cea84', '3192672e-fd14-4804-ab67-a125a84a5c39', 'VISIT_REMINDER', 'Recordatorio de visita', 'Recuerda que mañana tienes una visita programada.', true, '2025-11-04 17:38:42.077375', '2025-11-04 17:50:32.650895', '{"visit_date": "2025-11-05", "visit_hour": "17:31:00"}');
INSERT INTO public.notifications (id, user_id, visit_id, kind, title, body, is_read, created_at, read_at, meta) VALUES ('51a8869c-3c1d-42fa-8d50-bb6a28da99a0', 'bc94423c-e39e-425e-9b20-9337926cea84', '025c0498-3d89-4faf-97df-7fe407067b5d', 'VISIT_REMINDER', 'Recordatorio de visita', 'Recuerda que mañana tienes una visita programada.', true, '2025-11-04 17:38:42.077375', '2025-11-04 17:50:32.650895', '{"visit_date": "2025-11-05", "visit_hour": "19:30:00"}');
INSERT INTO public.notifications (id, user_id, visit_id, kind, title, body, is_read, created_at, read_at, meta) VALUES ('a6567b6f-ed33-493f-98d3-77f379749de0', 'bc94423c-e39e-425e-9b20-9337926cea84', '3192672e-fd14-4804-ab67-a125a84a5c39', 'VISIT_UPDATED', 'Visita reprogramada', 'Tu visita fue reprogramada para el 2025-11-06 a las 17:40:00.', true, '2025-11-04 17:48:20.703067', '2025-11-04 17:50:32.650895', '{"new_date": "2025-11-06", "new_hour": "17:40:00", "old_date": "2025-11-06T05:00:00.000Z", "old_hour": "17:31:00"}');
INSERT INTO public.notifications (id, user_id, visit_id, kind, title, body, is_read, created_at, read_at, meta) VALUES ('5a84115f-3c9a-4702-bdf0-828cd456dbed', 'bc94423c-e39e-425e-9b20-9337926cea84', '617eabbd-e11f-4d88-a612-a83e31b3de4c', 'VISIT_CREATED', 'Visita registrada', 'Tu visita fue registrada para el Sat Nov 08 2025 00:00:00 GMT-0500 (Ecuador Time) a las 18:49:00. Estado: PENDING.', true, '2025-11-04 17:49:44.969804', '2025-11-04 17:50:32.650895', '{"status": "PENDING", "visit_date": "2025-11-08T05:00:00.000Z", "visit_hour": "18:49:00"}');
INSERT INTO public.notifications (id, user_id, visit_id, kind, title, body, is_read, created_at, read_at, meta) VALUES ('89651afa-9124-42a3-889b-cc5ca5f404e7', 'bc94423c-e39e-425e-9b20-9337926cea84', '617eabbd-e11f-4d88-a612-a83e31b3de4c', 'VISIT_UPDATED', 'Visita reprogramada', 'Tu visita fue reprogramada para el 2025-11-05 a las 18:49:00.', true, '2025-11-04 17:50:00.592845', '2025-11-04 17:50:32.650895', '{"new_date": "2025-11-05", "new_hour": "18:49:00", "old_date": "2025-11-08T05:00:00.000Z", "old_hour": "18:49:00"}');
INSERT INTO public.notifications (id, user_id, visit_id, kind, title, body, is_read, created_at, read_at, meta) VALUES ('904548c6-1761-437f-9a8e-1102dcef8a33', 'bc94423c-e39e-425e-9b20-9337926cea84', '617eabbd-e11f-4d88-a612-a83e31b3de4c', 'VISIT_REMINDER', 'Recordatorio de visita', 'Recuerda que mañana tienes una visita programada.', false, '2025-11-04 18:07:50.289041', NULL, '{"visit_date": "2025-11-05", "visit_hour": "18:49:00"}');
INSERT INTO public.notifications (id, user_id, visit_id, kind, title, body, is_read, created_at, read_at, meta) VALUES ('c1d8754d-5894-4801-97b7-0bbbaf0ae7fb', 'bc94423c-e39e-425e-9b20-9337926cea84', 'e7be6b7f-af24-4267-aab8-aa4cd249f0c4', 'VISIT_CREATED', 'Visita registrada', 'Tu visita fue registrada para el 2025-11-06 a las 22:53:00. Estado: PENDING.', false, '2025-11-04 22:53:27.688292', NULL, '{"status": "PENDING", "visit_id": "e7be6b7f-af24-4267-aab8-aa4cd249f0c4", "visit_date": "2025-11-06", "visit_hour": "22:53:00", "inmate_name": "kevin gil", "visitor_name": "andres gil"}');
INSERT INTO public.notifications (id, user_id, visit_id, kind, title, body, is_read, created_at, read_at, meta) VALUES ('3d0e45e1-f340-4d80-bfe4-f4342892c2cc', 'bc94423c-e39e-425e-9b20-9337926cea84', 'e7be6b7f-af24-4267-aab8-aa4cd249f0c4', 'VISIT_UPDATED', 'Visita reprogramada', 'Tu visita fue reprogramada para el Thu Nov 06 2025 00:00:00 GMT-0500 (Ecuador Time) a las 22:53:00.', false, '2025-11-04 22:55:21.378897', NULL, '{"status": "PENDING", "new_date": "2025-11-06T05:00:00.000Z", "new_hour": "22:53:00", "old_date": "2025-11-06T05:00:00.000Z", "old_hour": "22:53:00", "visit_id": "e7be6b7f-af24-4267-aab8-aa4cd249f0c4", "visit_date": "2025-11-06T05:00:00.000Z", "visit_hour": "22:53:00", "inmate_name": "kevin gil", "visitor_name": "andres gil"}');
INSERT INTO public.notifications (id, user_id, visit_id, kind, title, body, is_read, created_at, read_at, meta) VALUES ('82b6d2f6-5882-44c8-84a0-5625882b5fa4', 'bc94423c-e39e-425e-9b20-9337926cea84', 'e7be6b7f-af24-4267-aab8-aa4cd249f0c4', 'VISIT_REMINDER', 'Recordatorio de visita', 'Recuerda que mañana tienes una visita programada.', false, '2025-11-05 00:54:43.318588', NULL, '{"visit_date": "2025-11-06", "visit_hour": "22:53:00"}');
INSERT INTO public.notifications (id, user_id, visit_id, kind, title, body, is_read, created_at, read_at, meta) VALUES ('56507912-d460-4346-91ac-e75cd1c58817', '72f0aaf3-cbef-4c64-823b-be273e3a1ffd', '38919c67-e471-4d5a-912e-a424ee01aed1', 'VISIT_CREATED', 'Visita registrada', 'Tu visita fue registrada para el Tue Nov 11 2025 00:00:00 GMT-0500 (Ecuador Time) a las 17:15:00. Estado: PENDING.', false, '2025-11-05 16:14:24.680641', NULL, '{"status": "PENDING", "visit_id": "38919c67-e471-4d5a-912e-a424ee01aed1", "inmate_id": "ea6c0de8-72cb-4b85-a352-536106a6758e", "visit_date": "2025-11-11T05:00:00.000Z", "visit_hour": "17:15:00", "inmate_name": "María Gómez", "visitor_name": "Kevin"}');


--
-- Data for Name: user_inmates; Type: TABLE DATA; Schema: public; Owner: -
--

INSERT INTO public.user_inmates (user_id, inmate_id, rel, created_at, relation) VALUES ('72f0aaf3-cbef-4c64-823b-be273e3a1ffd', 'c80d4481-8c90-463c-868c-bbc06674ab72', 'AUTHORIZED', '2025-11-05 11:24:59.436285-05', 'AUTHORIZED');
INSERT INTO public.user_inmates (user_id, inmate_id, rel, created_at, relation) VALUES ('72f0aaf3-cbef-4c64-823b-be273e3a1ffd', 'ea6c0de8-72cb-4b85-a352-536106a6758e', 'AUTHORIZED', '2025-11-05 11:24:59.436285-05', 'AUTHORIZED');


--
-- PostgreSQL database dump complete
--

\unrestrict MoWCGHKQXjOIMxWfjwzVaO438WMKL4fSWF8PpmMYlK43mD9kRlqfDoGAjA2NHOP

